Dataset:name:HPA049491	/uod/idr/filesets/idr0043-uhlen-humanproteinatlas/20190121-ftp/49491
Dataset:name:HPA049489	/uod/idr/filesets/idr0043-uhlen-humanproteinatlas/20190121-ftp/49489
Dataset:name:HPA049488	/uod/idr/filesets/idr0043-uhlen-humanproteinatlas/20190121-ftp/49488
Dataset:name:HPA049487	/uod/idr/filesets/idr0043-uhlen-humanproteinatlas/20190121-ftp/49487
Dataset:name:HPA049486	/uod/idr/filesets/idr0043-uhlen-humanproteinatlas/20190121-ftp/49486
Dataset:name:HPA049484	/uod/idr/filesets/idr0043-uhlen-humanproteinatlas/20190121-ftp/49484
Dataset:name:HPA049482	/uod/idr/filesets/idr0043-uhlen-humanproteinatlas/20190121-ftp/49482
Dataset:name:HPA049476	/uod/idr/filesets/idr0043-uhlen-humanproteinatlas/20190121-ftp/49476
Dataset:name:HPA049475	/uod/idr/filesets/idr0043-uhlen-humanproteinatlas/20190121-ftp/49475
Dataset:name:HPA049473	/uod/idr/filesets/idr0043-uhlen-humanproteinatlas/20190121-ftp/49473
Dataset:name:HPA049472	/uod/idr/filesets/idr0043-uhlen-humanproteinatlas/20190121-ftp/49472
Dataset:name:HPA049468	/uod/idr/filesets/idr0043-uhlen-humanproteinatlas/20190121-ftp/49468
Dataset:name:HPA049465	/uod/idr/filesets/idr0043-uhlen-humanproteinatlas/20190121-ftp/49465
Dataset:name:HPA049463	/uod/idr/filesets/idr0043-uhlen-humanproteinatlas/20190121-ftp/49463
Dataset:name:HPA049461	/uod/idr/filesets/idr0043-uhlen-humanproteinatlas/20190121-ftp/49461
Dataset:name:HPA049457	/uod/idr/filesets/idr0043-uhlen-humanproteinatlas/20190121-ftp/49457
Dataset:name:HPA049449	/uod/idr/filesets/idr0043-uhlen-humanproteinatlas/20190121-ftp/49449
Dataset:name:HPA049447	/uod/idr/filesets/idr0043-uhlen-humanproteinatlas/20190121-ftp/49447
Dataset:name:HPA049446	/uod/idr/filesets/idr0043-uhlen-humanproteinatlas/20190121-ftp/49446
Dataset:name:HPA049442	/uod/idr/filesets/idr0043-uhlen-humanproteinatlas/20190121-ftp/49442
Dataset:name:HPA049441	/uod/idr/filesets/idr0043-uhlen-humanproteinatlas/20190121-ftp/49441
Dataset:name:HPA049440	/uod/idr/filesets/idr0043-uhlen-humanproteinatlas/20190121-ftp/49440
Dataset:name:HPA049439	/uod/idr/filesets/idr0043-uhlen-humanproteinatlas/20190121-ftp/49439
Dataset:name:HPA049432	/uod/idr/filesets/idr0043-uhlen-humanproteinatlas/20190121-ftp/49432
Dataset:name:HPA049430	/uod/idr/filesets/idr0043-uhlen-humanproteinatlas/20190121-ftp/49430
Dataset:name:HPA049426	/uod/idr/filesets/idr0043-uhlen-humanproteinatlas/20190121-ftp/49426
Dataset:name:HPA049425	/uod/idr/filesets/idr0043-uhlen-humanproteinatlas/20190121-ftp/49425
Dataset:name:HPA049424	/uod/idr/filesets/idr0043-uhlen-humanproteinatlas/20190121-ftp/49424
Dataset:name:HPA049423	/uod/idr/filesets/idr0043-uhlen-humanproteinatlas/20190121-ftp/49423
Dataset:name:HPA049420	/uod/idr/filesets/idr0043-uhlen-humanproteinatlas/20190121-ftp/49420
Dataset:name:HPA049419	/uod/idr/filesets/idr0043-uhlen-humanproteinatlas/20190121-ftp/49419
Dataset:name:HPA049418	/uod/idr/filesets/idr0043-uhlen-humanproteinatlas/20190121-ftp/49418
Dataset:name:HPA049415	/uod/idr/filesets/idr0043-uhlen-humanproteinatlas/20190121-ftp/49415
Dataset:name:HPA049413	/uod/idr/filesets/idr0043-uhlen-humanproteinatlas/20190121-ftp/49413
Dataset:name:HPA049408	/uod/idr/filesets/idr0043-uhlen-humanproteinatlas/20190121-ftp/49408
Dataset:name:HPA049407	/uod/idr/filesets/idr0043-uhlen-humanproteinatlas/20190121-ftp/49407
Dataset:name:HPA049405	/uod/idr/filesets/idr0043-uhlen-humanproteinatlas/20190121-ftp/49405
Dataset:name:HPA049404	/uod/idr/filesets/idr0043-uhlen-humanproteinatlas/20190121-ftp/49404
Dataset:name:HPA049403	/uod/idr/filesets/idr0043-uhlen-humanproteinatlas/20190121-ftp/49403
Dataset:name:HPA049402	/uod/idr/filesets/idr0043-uhlen-humanproteinatlas/20190121-ftp/49402
Dataset:name:HPA049395	/uod/idr/filesets/idr0043-uhlen-humanproteinatlas/20190121-ftp/49395
Dataset:name:HPA049393	/uod/idr/filesets/idr0043-uhlen-humanproteinatlas/20190121-ftp/49393
Dataset:name:HPA049391	/uod/idr/filesets/idr0043-uhlen-humanproteinatlas/20190121-ftp/49391
Dataset:name:HPA049390	/uod/idr/filesets/idr0043-uhlen-humanproteinatlas/20190121-ftp/49390
Dataset:name:HPA049388	/uod/idr/filesets/idr0043-uhlen-humanproteinatlas/20190121-ftp/49388
Dataset:name:HPA049387	/uod/idr/filesets/idr0043-uhlen-humanproteinatlas/20190121-ftp/49387
Dataset:name:HPA049386	/uod/idr/filesets/idr0043-uhlen-humanproteinatlas/20190121-ftp/49386
Dataset:name:HPA049384	/uod/idr/filesets/idr0043-uhlen-humanproteinatlas/20190121-ftp/49384
Dataset:name:HPA049380	/uod/idr/filesets/idr0043-uhlen-humanproteinatlas/20190121-ftp/49380
Dataset:name:HPA049378	/uod/idr/filesets/idr0043-uhlen-humanproteinatlas/20190121-ftp/49378
Dataset:name:HPA049374	/uod/idr/filesets/idr0043-uhlen-humanproteinatlas/20190121-ftp/49374
Dataset:name:HPA049372	/uod/idr/filesets/idr0043-uhlen-humanproteinatlas/20190121-ftp/49372
Dataset:name:HPA049370	/uod/idr/filesets/idr0043-uhlen-humanproteinatlas/20190121-ftp/49370
Dataset:name:HPA049368	/uod/idr/filesets/idr0043-uhlen-humanproteinatlas/20190121-ftp/49368
Dataset:name:HPA049367	/uod/idr/filesets/idr0043-uhlen-humanproteinatlas/20190121-ftp/49367
Dataset:name:HPA049365	/uod/idr/filesets/idr0043-uhlen-humanproteinatlas/20190121-ftp/49365
Dataset:name:HPA049362	/uod/idr/filesets/idr0043-uhlen-humanproteinatlas/20190121-ftp/49362
Dataset:name:HPA049357	/uod/idr/filesets/idr0043-uhlen-humanproteinatlas/20190121-ftp/49357
Dataset:name:HPA049356	/uod/idr/filesets/idr0043-uhlen-humanproteinatlas/20190121-ftp/49356
Dataset:name:HPA049354	/uod/idr/filesets/idr0043-uhlen-humanproteinatlas/20190121-ftp/49354
Dataset:name:HPA049352	/uod/idr/filesets/idr0043-uhlen-humanproteinatlas/20190121-ftp/49352
Dataset:name:HPA049348	/uod/idr/filesets/idr0043-uhlen-humanproteinatlas/20190121-ftp/49348
Dataset:name:HPA049345	/uod/idr/filesets/idr0043-uhlen-humanproteinatlas/20190121-ftp/49345
Dataset:name:HPA049343	/uod/idr/filesets/idr0043-uhlen-humanproteinatlas/20190121-ftp/49343
Dataset:name:HPA049340	/uod/idr/filesets/idr0043-uhlen-humanproteinatlas/20190121-ftp/49340
Dataset:name:HPA049336	/uod/idr/filesets/idr0043-uhlen-humanproteinatlas/20190121-ftp/49336
Dataset:name:HPA049331	/uod/idr/filesets/idr0043-uhlen-humanproteinatlas/20190121-ftp/49331
Dataset:name:HPA049326	/uod/idr/filesets/idr0043-uhlen-humanproteinatlas/20190121-ftp/49326
Dataset:name:HPA049325	/uod/idr/filesets/idr0043-uhlen-humanproteinatlas/20190121-ftp/49325
Dataset:name:HPA049317	/uod/idr/filesets/idr0043-uhlen-humanproteinatlas/20190121-ftp/49317
Dataset:name:HPA049315	/uod/idr/filesets/idr0043-uhlen-humanproteinatlas/20190121-ftp/49315
Dataset:name:HPA049314	/uod/idr/filesets/idr0043-uhlen-humanproteinatlas/20190121-ftp/49314
Dataset:name:HPA049310	/uod/idr/filesets/idr0043-uhlen-humanproteinatlas/20190121-ftp/49310
Dataset:name:HPA049305	/uod/idr/filesets/idr0043-uhlen-humanproteinatlas/20190121-ftp/49305
Dataset:name:HPA049304	/uod/idr/filesets/idr0043-uhlen-humanproteinatlas/20190121-ftp/49304
Dataset:name:HPA049303	/uod/idr/filesets/idr0043-uhlen-humanproteinatlas/20190121-ftp/49303
Dataset:name:HPA049296	/uod/idr/filesets/idr0043-uhlen-humanproteinatlas/20190121-ftp/49296
Dataset:name:HPA049290	/uod/idr/filesets/idr0043-uhlen-humanproteinatlas/20190121-ftp/49290
Dataset:name:HPA049286	/uod/idr/filesets/idr0043-uhlen-humanproteinatlas/20190121-ftp/49286
Dataset:name:HPA049285	/uod/idr/filesets/idr0043-uhlen-humanproteinatlas/20190121-ftp/49285
Dataset:name:HPA049276	/uod/idr/filesets/idr0043-uhlen-humanproteinatlas/20190121-ftp/49276
Dataset:name:HPA049270	/uod/idr/filesets/idr0043-uhlen-humanproteinatlas/20190121-ftp/49270
Dataset:name:HPA049265	/uod/idr/filesets/idr0043-uhlen-humanproteinatlas/20190121-ftp/49265
Dataset:name:HPA049262	/uod/idr/filesets/idr0043-uhlen-humanproteinatlas/20190121-ftp/49262
Dataset:name:HPA049259	/uod/idr/filesets/idr0043-uhlen-humanproteinatlas/20190121-ftp/49259
Dataset:name:HPA049254	/uod/idr/filesets/idr0043-uhlen-humanproteinatlas/20190121-ftp/49254
Dataset:name:HPA049250	/uod/idr/filesets/idr0043-uhlen-humanproteinatlas/20190121-ftp/49250
Dataset:name:HPA049248	/uod/idr/filesets/idr0043-uhlen-humanproteinatlas/20190121-ftp/49248
Dataset:name:HPA049244	/uod/idr/filesets/idr0043-uhlen-humanproteinatlas/20190121-ftp/49244
Dataset:name:HPA049240	/uod/idr/filesets/idr0043-uhlen-humanproteinatlas/20190121-ftp/49240
Dataset:name:HPA049239	/uod/idr/filesets/idr0043-uhlen-humanproteinatlas/20190121-ftp/49239
Dataset:name:HPA049235	/uod/idr/filesets/idr0043-uhlen-humanproteinatlas/20190121-ftp/49235
Dataset:name:HPA049234	/uod/idr/filesets/idr0043-uhlen-humanproteinatlas/20190121-ftp/49234
Dataset:name:HPA049231	/uod/idr/filesets/idr0043-uhlen-humanproteinatlas/20190121-ftp/49231
Dataset:name:HPA049229	/uod/idr/filesets/idr0043-uhlen-humanproteinatlas/20190121-ftp/49229
Dataset:name:HPA049222	/uod/idr/filesets/idr0043-uhlen-humanproteinatlas/20190121-ftp/49222
Dataset:name:HPA049217	/uod/idr/filesets/idr0043-uhlen-humanproteinatlas/20190121-ftp/49217
Dataset:name:HPA049212	/uod/idr/filesets/idr0043-uhlen-humanproteinatlas/20190121-ftp/49212
Dataset:name:HPA049206	/uod/idr/filesets/idr0043-uhlen-humanproteinatlas/20190121-ftp/49206
Dataset:name:HPA049202	/uod/idr/filesets/idr0043-uhlen-humanproteinatlas/20190121-ftp/49202
Dataset:name:HPA049193	/uod/idr/filesets/idr0043-uhlen-humanproteinatlas/20190121-ftp/49193
Dataset:name:HPA049189	/uod/idr/filesets/idr0043-uhlen-humanproteinatlas/20190121-ftp/49189
Dataset:name:HPA049183	/uod/idr/filesets/idr0043-uhlen-humanproteinatlas/20190121-ftp/49183
Dataset:name:HPA049182	/uod/idr/filesets/idr0043-uhlen-humanproteinatlas/20190121-ftp/49182
Dataset:name:HPA049178	/uod/idr/filesets/idr0043-uhlen-humanproteinatlas/20190121-ftp/49178
Dataset:name:HPA049176	/uod/idr/filesets/idr0043-uhlen-humanproteinatlas/20190121-ftp/49176
Dataset:name:HPA049174	/uod/idr/filesets/idr0043-uhlen-humanproteinatlas/20190121-ftp/49174
Dataset:name:HPA049171	/uod/idr/filesets/idr0043-uhlen-humanproteinatlas/20190121-ftp/49171
Dataset:name:HPA049161	/uod/idr/filesets/idr0043-uhlen-humanproteinatlas/20190121-ftp/49161
Dataset:name:HPA049158	/uod/idr/filesets/idr0043-uhlen-humanproteinatlas/20190121-ftp/49158
Dataset:name:HPA049157	/uod/idr/filesets/idr0043-uhlen-humanproteinatlas/20190121-ftp/49157
Dataset:name:HPA049153	/uod/idr/filesets/idr0043-uhlen-humanproteinatlas/20190121-ftp/49153
Dataset:name:HPA049152	/uod/idr/filesets/idr0043-uhlen-humanproteinatlas/20190121-ftp/49152
Dataset:name:HPA049151	/uod/idr/filesets/idr0043-uhlen-humanproteinatlas/20190121-ftp/49151
Dataset:name:HPA049148	/uod/idr/filesets/idr0043-uhlen-humanproteinatlas/20190121-ftp/49148
Dataset:name:HPA049141	/uod/idr/filesets/idr0043-uhlen-humanproteinatlas/20190121-ftp/49141
Dataset:name:HPA049139	/uod/idr/filesets/idr0043-uhlen-humanproteinatlas/20190121-ftp/49139
Dataset:name:HPA049138	/uod/idr/filesets/idr0043-uhlen-humanproteinatlas/20190121-ftp/49138
Dataset:name:HPA049137	/uod/idr/filesets/idr0043-uhlen-humanproteinatlas/20190121-ftp/49137
Dataset:name:HPA049136	/uod/idr/filesets/idr0043-uhlen-humanproteinatlas/20190121-ftp/49136
Dataset:name:HPA049133	/uod/idr/filesets/idr0043-uhlen-humanproteinatlas/20190121-ftp/49133
Dataset:name:HPA049132	/uod/idr/filesets/idr0043-uhlen-humanproteinatlas/20190121-ftp/49132
Dataset:name:HPA049126	/uod/idr/filesets/idr0043-uhlen-humanproteinatlas/20190121-ftp/49126
Dataset:name:HPA049124	/uod/idr/filesets/idr0043-uhlen-humanproteinatlas/20190121-ftp/49124
Dataset:name:HPA049123	/uod/idr/filesets/idr0043-uhlen-humanproteinatlas/20190121-ftp/49123
Dataset:name:HPA049120	/uod/idr/filesets/idr0043-uhlen-humanproteinatlas/20190121-ftp/49120
Dataset:name:HPA049117	/uod/idr/filesets/idr0043-uhlen-humanproteinatlas/20190121-ftp/49117
Dataset:name:HPA049116	/uod/idr/filesets/idr0043-uhlen-humanproteinatlas/20190121-ftp/49116
Dataset:name:HPA049112	/uod/idr/filesets/idr0043-uhlen-humanproteinatlas/20190121-ftp/49112
Dataset:name:HPA049109	/uod/idr/filesets/idr0043-uhlen-humanproteinatlas/20190121-ftp/49109
Dataset:name:HPA049108	/uod/idr/filesets/idr0043-uhlen-humanproteinatlas/20190121-ftp/49108
Dataset:name:HPA049106	/uod/idr/filesets/idr0043-uhlen-humanproteinatlas/20190121-ftp/49106
Dataset:name:HPA049105	/uod/idr/filesets/idr0043-uhlen-humanproteinatlas/20190121-ftp/49105
Dataset:name:HPA049104	/uod/idr/filesets/idr0043-uhlen-humanproteinatlas/20190121-ftp/49104
Dataset:name:HPA049103	/uod/idr/filesets/idr0043-uhlen-humanproteinatlas/20190121-ftp/49103
Dataset:name:HPA049101	/uod/idr/filesets/idr0043-uhlen-humanproteinatlas/20190121-ftp/49101
Dataset:name:HPA049100	/uod/idr/filesets/idr0043-uhlen-humanproteinatlas/20190121-ftp/49100
Dataset:name:HPA049098	/uod/idr/filesets/idr0043-uhlen-humanproteinatlas/20190121-ftp/49098
Dataset:name:HPA049095	/uod/idr/filesets/idr0043-uhlen-humanproteinatlas/20190121-ftp/49095
Dataset:name:HPA049094	/uod/idr/filesets/idr0043-uhlen-humanproteinatlas/20190121-ftp/49094
Dataset:name:HPA049082	/uod/idr/filesets/idr0043-uhlen-humanproteinatlas/20190121-ftp/49082
Dataset:name:HPA049080	/uod/idr/filesets/idr0043-uhlen-humanproteinatlas/20190121-ftp/49080
Dataset:name:HPA049079	/uod/idr/filesets/idr0043-uhlen-humanproteinatlas/20190121-ftp/49079
Dataset:name:HPA049076	/uod/idr/filesets/idr0043-uhlen-humanproteinatlas/20190121-ftp/49076
Dataset:name:HPA049074	/uod/idr/filesets/idr0043-uhlen-humanproteinatlas/20190121-ftp/49074
Dataset:name:HPA049073	/uod/idr/filesets/idr0043-uhlen-humanproteinatlas/20190121-ftp/49073
Dataset:name:HPA049066	/uod/idr/filesets/idr0043-uhlen-humanproteinatlas/20190121-ftp/49066
Dataset:name:HPA049064	/uod/idr/filesets/idr0043-uhlen-humanproteinatlas/20190121-ftp/49064
Dataset:name:HPA049060	/uod/idr/filesets/idr0043-uhlen-humanproteinatlas/20190121-ftp/49060
Dataset:name:HPA049059	/uod/idr/filesets/idr0043-uhlen-humanproteinatlas/20190121-ftp/49059
Dataset:name:HPA049057	/uod/idr/filesets/idr0043-uhlen-humanproteinatlas/20190121-ftp/49057
Dataset:name:HPA049055	/uod/idr/filesets/idr0043-uhlen-humanproteinatlas/20190121-ftp/49055
Dataset:name:HPA049051	/uod/idr/filesets/idr0043-uhlen-humanproteinatlas/20190121-ftp/49051
Dataset:name:HPA049047	/uod/idr/filesets/idr0043-uhlen-humanproteinatlas/20190121-ftp/49047
Dataset:name:HPA049033	/uod/idr/filesets/idr0043-uhlen-humanproteinatlas/20190121-ftp/49033
Dataset:name:HPA049031	/uod/idr/filesets/idr0043-uhlen-humanproteinatlas/20190121-ftp/49031
Dataset:name:HPA049023	/uod/idr/filesets/idr0043-uhlen-humanproteinatlas/20190121-ftp/49023
Dataset:name:HPA049022	/uod/idr/filesets/idr0043-uhlen-humanproteinatlas/20190121-ftp/49022
Dataset:name:HPA049019	/uod/idr/filesets/idr0043-uhlen-humanproteinatlas/20190121-ftp/49019
Dataset:name:HPA049016	/uod/idr/filesets/idr0043-uhlen-humanproteinatlas/20190121-ftp/49016
Dataset:name:HPA049003	/uod/idr/filesets/idr0043-uhlen-humanproteinatlas/20190121-ftp/49003
Dataset:name:HPA049002	/uod/idr/filesets/idr0043-uhlen-humanproteinatlas/20190121-ftp/49002
Dataset:name:HPA048992	/uod/idr/filesets/idr0043-uhlen-humanproteinatlas/20190121-ftp/48992
Dataset:name:HPA048989	/uod/idr/filesets/idr0043-uhlen-humanproteinatlas/20190121-ftp/48989
Dataset:name:HPA048985	/uod/idr/filesets/idr0043-uhlen-humanproteinatlas/20190121-ftp/48985
Dataset:name:HPA048983	/uod/idr/filesets/idr0043-uhlen-humanproteinatlas/20190121-ftp/48983
Dataset:name:HPA048982	/uod/idr/filesets/idr0043-uhlen-humanproteinatlas/20190121-ftp/48982
Dataset:name:HPA048981	/uod/idr/filesets/idr0043-uhlen-humanproteinatlas/20190121-ftp/48981
Dataset:name:HPA048980	/uod/idr/filesets/idr0043-uhlen-humanproteinatlas/20190121-ftp/48980
Dataset:name:HPA048979	/uod/idr/filesets/idr0043-uhlen-humanproteinatlas/20190121-ftp/48979
Dataset:name:HPA048977	/uod/idr/filesets/idr0043-uhlen-humanproteinatlas/20190121-ftp/48977
Dataset:name:HPA048976	/uod/idr/filesets/idr0043-uhlen-humanproteinatlas/20190121-ftp/48976
Dataset:name:HPA048975	/uod/idr/filesets/idr0043-uhlen-humanproteinatlas/20190121-ftp/48975
Dataset:name:HPA048973	/uod/idr/filesets/idr0043-uhlen-humanproteinatlas/20190121-ftp/48973
Dataset:name:HPA048972	/uod/idr/filesets/idr0043-uhlen-humanproteinatlas/20190121-ftp/48972
Dataset:name:HPA048971	/uod/idr/filesets/idr0043-uhlen-humanproteinatlas/20190121-ftp/48971
Dataset:name:HPA048969	/uod/idr/filesets/idr0043-uhlen-humanproteinatlas/20190121-ftp/48969
Dataset:name:HPA048965	/uod/idr/filesets/idr0043-uhlen-humanproteinatlas/20190121-ftp/48965
Dataset:name:HPA048964	/uod/idr/filesets/idr0043-uhlen-humanproteinatlas/20190121-ftp/48964
Dataset:name:HPA048963	/uod/idr/filesets/idr0043-uhlen-humanproteinatlas/20190121-ftp/48963
Dataset:name:HPA048962	/uod/idr/filesets/idr0043-uhlen-humanproteinatlas/20190121-ftp/48962
Dataset:name:HPA048961	/uod/idr/filesets/idr0043-uhlen-humanproteinatlas/20190121-ftp/48961
Dataset:name:HPA048958	/uod/idr/filesets/idr0043-uhlen-humanproteinatlas/20190121-ftp/48958
Dataset:name:HPA048957	/uod/idr/filesets/idr0043-uhlen-humanproteinatlas/20190121-ftp/48957
Dataset:name:HPA048955	/uod/idr/filesets/idr0043-uhlen-humanproteinatlas/20190121-ftp/48955
Dataset:name:HPA048951	/uod/idr/filesets/idr0043-uhlen-humanproteinatlas/20190121-ftp/48951
Dataset:name:HPA048946	/uod/idr/filesets/idr0043-uhlen-humanproteinatlas/20190121-ftp/48946
Dataset:name:HPA048938	/uod/idr/filesets/idr0043-uhlen-humanproteinatlas/20190121-ftp/48938
Dataset:name:HPA048936	/uod/idr/filesets/idr0043-uhlen-humanproteinatlas/20190121-ftp/48936
Dataset:name:HPA048934	/uod/idr/filesets/idr0043-uhlen-humanproteinatlas/20190121-ftp/48934
Dataset:name:HPA048930	/uod/idr/filesets/idr0043-uhlen-humanproteinatlas/20190121-ftp/48930
Dataset:name:HPA048928	/uod/idr/filesets/idr0043-uhlen-humanproteinatlas/20190121-ftp/48928
Dataset:name:HPA048926	/uod/idr/filesets/idr0043-uhlen-humanproteinatlas/20190121-ftp/48926
Dataset:name:HPA048923	/uod/idr/filesets/idr0043-uhlen-humanproteinatlas/20190121-ftp/48923
Dataset:name:HPA048922	/uod/idr/filesets/idr0043-uhlen-humanproteinatlas/20190121-ftp/48922
Dataset:name:HPA048916	/uod/idr/filesets/idr0043-uhlen-humanproteinatlas/20190121-ftp/48916
Dataset:name:HPA048914	/uod/idr/filesets/idr0043-uhlen-humanproteinatlas/20190121-ftp/48914
Dataset:name:HPA048909	/uod/idr/filesets/idr0043-uhlen-humanproteinatlas/20190121-ftp/48909
Dataset:name:HPA048904	/uod/idr/filesets/idr0043-uhlen-humanproteinatlas/20190121-ftp/48904
Dataset:name:HPA048902	/uod/idr/filesets/idr0043-uhlen-humanproteinatlas/20190121-ftp/48902
Dataset:name:HPA048894	/uod/idr/filesets/idr0043-uhlen-humanproteinatlas/20190121-ftp/48894
Dataset:name:HPA048892	/uod/idr/filesets/idr0043-uhlen-humanproteinatlas/20190121-ftp/48892
Dataset:name:HPA048891	/uod/idr/filesets/idr0043-uhlen-humanproteinatlas/20190121-ftp/48891
Dataset:name:HPA048890	/uod/idr/filesets/idr0043-uhlen-humanproteinatlas/20190121-ftp/48890
Dataset:name:HPA048887	/uod/idr/filesets/idr0043-uhlen-humanproteinatlas/20190121-ftp/48887
Dataset:name:HPA048886	/uod/idr/filesets/idr0043-uhlen-humanproteinatlas/20190121-ftp/48886
Dataset:name:HPA048884	/uod/idr/filesets/idr0043-uhlen-humanproteinatlas/20190121-ftp/48884
Dataset:name:HPA048876	/uod/idr/filesets/idr0043-uhlen-humanproteinatlas/20190121-ftp/48876
Dataset:name:HPA048873	/uod/idr/filesets/idr0043-uhlen-humanproteinatlas/20190121-ftp/48873
Dataset:name:HPA048872	/uod/idr/filesets/idr0043-uhlen-humanproteinatlas/20190121-ftp/48872
Dataset:name:HPA048849	/uod/idr/filesets/idr0043-uhlen-humanproteinatlas/20190121-ftp/48849
Dataset:name:HPA048847	/uod/idr/filesets/idr0043-uhlen-humanproteinatlas/20190121-ftp/48847
Dataset:name:HPA048846	/uod/idr/filesets/idr0043-uhlen-humanproteinatlas/20190121-ftp/48846
Dataset:name:HPA048831	/uod/idr/filesets/idr0043-uhlen-humanproteinatlas/20190121-ftp/48831
Dataset:name:HPA048826	/uod/idr/filesets/idr0043-uhlen-humanproteinatlas/20190121-ftp/48826
Dataset:name:HPA048823	/uod/idr/filesets/idr0043-uhlen-humanproteinatlas/20190121-ftp/48823
Dataset:name:HPA048813	/uod/idr/filesets/idr0043-uhlen-humanproteinatlas/20190121-ftp/48813
Dataset:name:HPA048812	/uod/idr/filesets/idr0043-uhlen-humanproteinatlas/20190121-ftp/48812
Dataset:name:HPA048803	/uod/idr/filesets/idr0043-uhlen-humanproteinatlas/20190121-ftp/48803
Dataset:name:HPA048800	/uod/idr/filesets/idr0043-uhlen-humanproteinatlas/20190121-ftp/48800
Dataset:name:HPA048798	/uod/idr/filesets/idr0043-uhlen-humanproteinatlas/20190121-ftp/48798
Dataset:name:HPA048797	/uod/idr/filesets/idr0043-uhlen-humanproteinatlas/20190121-ftp/48797
Dataset:name:HPA048790	/uod/idr/filesets/idr0043-uhlen-humanproteinatlas/20190121-ftp/48790
Dataset:name:HPA048776	/uod/idr/filesets/idr0043-uhlen-humanproteinatlas/20190121-ftp/48776
Dataset:name:HPA048771	/uod/idr/filesets/idr0043-uhlen-humanproteinatlas/20190121-ftp/48771
Dataset:name:HPA048767	/uod/idr/filesets/idr0043-uhlen-humanproteinatlas/20190121-ftp/48767
Dataset:name:HPA048761	/uod/idr/filesets/idr0043-uhlen-humanproteinatlas/20190121-ftp/48761
Dataset:name:HPA048760	/uod/idr/filesets/idr0043-uhlen-humanproteinatlas/20190121-ftp/48760
Dataset:name:HPA048746	/uod/idr/filesets/idr0043-uhlen-humanproteinatlas/20190121-ftp/48746
Dataset:name:HPA048745	/uod/idr/filesets/idr0043-uhlen-humanproteinatlas/20190121-ftp/48745
Dataset:name:HPA048743	/uod/idr/filesets/idr0043-uhlen-humanproteinatlas/20190121-ftp/48743
Dataset:name:HPA048741	/uod/idr/filesets/idr0043-uhlen-humanproteinatlas/20190121-ftp/48741
Dataset:name:HPA048738	/uod/idr/filesets/idr0043-uhlen-humanproteinatlas/20190121-ftp/48738
Dataset:name:HPA048728	/uod/idr/filesets/idr0043-uhlen-humanproteinatlas/20190121-ftp/48728
Dataset:name:HPA048725	/uod/idr/filesets/idr0043-uhlen-humanproteinatlas/20190121-ftp/48725
Dataset:name:HPA048722	/uod/idr/filesets/idr0043-uhlen-humanproteinatlas/20190121-ftp/48722
Dataset:name:HPA048712	/uod/idr/filesets/idr0043-uhlen-humanproteinatlas/20190121-ftp/48712
Dataset:name:HPA048700	/uod/idr/filesets/idr0043-uhlen-humanproteinatlas/20190121-ftp/48700
Dataset:name:HPA048695	/uod/idr/filesets/idr0043-uhlen-humanproteinatlas/20190121-ftp/48695
Dataset:name:HPA048694	/uod/idr/filesets/idr0043-uhlen-humanproteinatlas/20190121-ftp/48694
Dataset:name:HPA048692	/uod/idr/filesets/idr0043-uhlen-humanproteinatlas/20190121-ftp/48692
Dataset:name:HPA048687	/uod/idr/filesets/idr0043-uhlen-humanproteinatlas/20190121-ftp/48687
Dataset:name:HPA048684	/uod/idr/filesets/idr0043-uhlen-humanproteinatlas/20190121-ftp/48684
Dataset:name:HPA048682	/uod/idr/filesets/idr0043-uhlen-humanproteinatlas/20190121-ftp/48682
Dataset:name:HPA048678	/uod/idr/filesets/idr0043-uhlen-humanproteinatlas/20190121-ftp/48678
Dataset:name:HPA048677	/uod/idr/filesets/idr0043-uhlen-humanproteinatlas/20190121-ftp/48677
Dataset:name:HPA048674	/uod/idr/filesets/idr0043-uhlen-humanproteinatlas/20190121-ftp/48674
Dataset:name:HPA048671	/uod/idr/filesets/idr0043-uhlen-humanproteinatlas/20190121-ftp/48671
Dataset:name:HPA048668	/uod/idr/filesets/idr0043-uhlen-humanproteinatlas/20190121-ftp/48668
Dataset:name:HPA048662	/uod/idr/filesets/idr0043-uhlen-humanproteinatlas/20190121-ftp/48662
Dataset:name:HPA048661	/uod/idr/filesets/idr0043-uhlen-humanproteinatlas/20190121-ftp/48661
Dataset:name:HPA048659	/uod/idr/filesets/idr0043-uhlen-humanproteinatlas/20190121-ftp/48659
Dataset:name:HPA048654	/uod/idr/filesets/idr0043-uhlen-humanproteinatlas/20190121-ftp/48654
Dataset:name:HPA048653	/uod/idr/filesets/idr0043-uhlen-humanproteinatlas/20190121-ftp/48653
Dataset:name:HPA048652	/uod/idr/filesets/idr0043-uhlen-humanproteinatlas/20190121-ftp/48652
Dataset:name:HPA048651	/uod/idr/filesets/idr0043-uhlen-humanproteinatlas/20190121-ftp/48651
Dataset:name:HPA048649	/uod/idr/filesets/idr0043-uhlen-humanproteinatlas/20190121-ftp/48649
Dataset:name:HPA048645	/uod/idr/filesets/idr0043-uhlen-humanproteinatlas/20190121-ftp/48645
Dataset:name:HPA048642	/uod/idr/filesets/idr0043-uhlen-humanproteinatlas/20190121-ftp/48642
Dataset:name:HPA048639	/uod/idr/filesets/idr0043-uhlen-humanproteinatlas/20190121-ftp/48639
Dataset:name:HPA048638	/uod/idr/filesets/idr0043-uhlen-humanproteinatlas/20190121-ftp/48638
Dataset:name:HPA048636	/uod/idr/filesets/idr0043-uhlen-humanproteinatlas/20190121-ftp/48636
Dataset:name:HPA048635	/uod/idr/filesets/idr0043-uhlen-humanproteinatlas/20190121-ftp/48635
Dataset:name:HPA048632	/uod/idr/filesets/idr0043-uhlen-humanproteinatlas/20190121-ftp/48632
Dataset:name:HPA048630	/uod/idr/filesets/idr0043-uhlen-humanproteinatlas/20190121-ftp/48630
Dataset:name:HPA048629	/uod/idr/filesets/idr0043-uhlen-humanproteinatlas/20190121-ftp/48629
Dataset:name:HPA048628	/uod/idr/filesets/idr0043-uhlen-humanproteinatlas/20190121-ftp/48628
Dataset:name:HPA048627	/uod/idr/filesets/idr0043-uhlen-humanproteinatlas/20190121-ftp/48627
Dataset:name:HPA048615	/uod/idr/filesets/idr0043-uhlen-humanproteinatlas/20190121-ftp/48615
Dataset:name:HPA048606	/uod/idr/filesets/idr0043-uhlen-humanproteinatlas/20190121-ftp/48606
Dataset:name:HPA048600	/uod/idr/filesets/idr0043-uhlen-humanproteinatlas/20190121-ftp/48600
Dataset:name:HPA048598	/uod/idr/filesets/idr0043-uhlen-humanproteinatlas/20190121-ftp/48598
Dataset:name:HPA048597	/uod/idr/filesets/idr0043-uhlen-humanproteinatlas/20190121-ftp/48597
Dataset:name:HPA048596	/uod/idr/filesets/idr0043-uhlen-humanproteinatlas/20190121-ftp/48596
Dataset:name:HPA048594	/uod/idr/filesets/idr0043-uhlen-humanproteinatlas/20190121-ftp/48594
Dataset:name:HPA048593	/uod/idr/filesets/idr0043-uhlen-humanproteinatlas/20190121-ftp/48593
Dataset:name:HPA048592	/uod/idr/filesets/idr0043-uhlen-humanproteinatlas/20190121-ftp/48592
Dataset:name:HPA048587	/uod/idr/filesets/idr0043-uhlen-humanproteinatlas/20190121-ftp/48587
Dataset:name:HPA048583	/uod/idr/filesets/idr0043-uhlen-humanproteinatlas/20190121-ftp/48583
Dataset:name:HPA048582	/uod/idr/filesets/idr0043-uhlen-humanproteinatlas/20190121-ftp/48582
Dataset:name:HPA048581	/uod/idr/filesets/idr0043-uhlen-humanproteinatlas/20190121-ftp/48581
Dataset:name:HPA048572	/uod/idr/filesets/idr0043-uhlen-humanproteinatlas/20190121-ftp/48572
Dataset:name:HPA048569	/uod/idr/filesets/idr0043-uhlen-humanproteinatlas/20190121-ftp/48569
Dataset:name:HPA048565	/uod/idr/filesets/idr0043-uhlen-humanproteinatlas/20190121-ftp/48565
Dataset:name:HPA048564	/uod/idr/filesets/idr0043-uhlen-humanproteinatlas/20190121-ftp/48564
Dataset:name:HPA048560	/uod/idr/filesets/idr0043-uhlen-humanproteinatlas/20190121-ftp/48560
Dataset:name:HPA048559	/uod/idr/filesets/idr0043-uhlen-humanproteinatlas/20190121-ftp/48559
Dataset:name:HPA048557	/uod/idr/filesets/idr0043-uhlen-humanproteinatlas/20190121-ftp/48557
Dataset:name:HPA048554	/uod/idr/filesets/idr0043-uhlen-humanproteinatlas/20190121-ftp/48554
Dataset:name:HPA048553	/uod/idr/filesets/idr0043-uhlen-humanproteinatlas/20190121-ftp/48553
Dataset:name:HPA048547	/uod/idr/filesets/idr0043-uhlen-humanproteinatlas/20190121-ftp/48547
Dataset:name:HPA048543	/uod/idr/filesets/idr0043-uhlen-humanproteinatlas/20190121-ftp/48543
Dataset:name:HPA048540	/uod/idr/filesets/idr0043-uhlen-humanproteinatlas/20190121-ftp/48540
Dataset:name:HPA048539	/uod/idr/filesets/idr0043-uhlen-humanproteinatlas/20190121-ftp/48539
Dataset:name:HPA048536	/uod/idr/filesets/idr0043-uhlen-humanproteinatlas/20190121-ftp/48536
Dataset:name:HPA048533	/uod/idr/filesets/idr0043-uhlen-humanproteinatlas/20190121-ftp/48533
Dataset:name:HPA048532	/uod/idr/filesets/idr0043-uhlen-humanproteinatlas/20190121-ftp/48532
Dataset:name:HPA048531	/uod/idr/filesets/idr0043-uhlen-humanproteinatlas/20190121-ftp/48531
Dataset:name:HPA048530	/uod/idr/filesets/idr0043-uhlen-humanproteinatlas/20190121-ftp/48530
Dataset:name:HPA048529	/uod/idr/filesets/idr0043-uhlen-humanproteinatlas/20190121-ftp/48529
Dataset:name:HPA048528	/uod/idr/filesets/idr0043-uhlen-humanproteinatlas/20190121-ftp/48528
Dataset:name:HPA048515	/uod/idr/filesets/idr0043-uhlen-humanproteinatlas/20190121-ftp/48515
Dataset:name:HPA048513	/uod/idr/filesets/idr0043-uhlen-humanproteinatlas/20190121-ftp/48513
Dataset:name:HPA048508	/uod/idr/filesets/idr0043-uhlen-humanproteinatlas/20190121-ftp/48508
Dataset:name:HPA048500	/uod/idr/filesets/idr0043-uhlen-humanproteinatlas/20190121-ftp/48500
Dataset:name:HPA048499	/uod/idr/filesets/idr0043-uhlen-humanproteinatlas/20190121-ftp/48499
Dataset:name:HPA048498	/uod/idr/filesets/idr0043-uhlen-humanproteinatlas/20190121-ftp/48498
Dataset:name:HPA048496	/uod/idr/filesets/idr0043-uhlen-humanproteinatlas/20190121-ftp/48496
Dataset:name:HPA048492	/uod/idr/filesets/idr0043-uhlen-humanproteinatlas/20190121-ftp/48492
Dataset:name:HPA048489	/uod/idr/filesets/idr0043-uhlen-humanproteinatlas/20190121-ftp/48489
Dataset:name:HPA048487	/uod/idr/filesets/idr0043-uhlen-humanproteinatlas/20190121-ftp/48487
Dataset:name:HPA048484	/uod/idr/filesets/idr0043-uhlen-humanproteinatlas/20190121-ftp/48484
Dataset:name:HPA048483	/uod/idr/filesets/idr0043-uhlen-humanproteinatlas/20190121-ftp/48483
Dataset:name:HPA048479	/uod/idr/filesets/idr0043-uhlen-humanproteinatlas/20190121-ftp/48479
Dataset:name:HPA048476	/uod/idr/filesets/idr0043-uhlen-humanproteinatlas/20190121-ftp/48476
Dataset:name:HPA048473	/uod/idr/filesets/idr0043-uhlen-humanproteinatlas/20190121-ftp/48473
Dataset:name:HPA048472	/uod/idr/filesets/idr0043-uhlen-humanproteinatlas/20190121-ftp/48472
Dataset:name:HPA048471	/uod/idr/filesets/idr0043-uhlen-humanproteinatlas/20190121-ftp/48471
Dataset:name:HPA048470	/uod/idr/filesets/idr0043-uhlen-humanproteinatlas/20190121-ftp/48470
Dataset:name:HPA048465	/uod/idr/filesets/idr0043-uhlen-humanproteinatlas/20190121-ftp/48465
Dataset:name:HPA048461	/uod/idr/filesets/idr0043-uhlen-humanproteinatlas/20190121-ftp/48461
Dataset:name:HPA048460	/uod/idr/filesets/idr0043-uhlen-humanproteinatlas/20190121-ftp/48460
Dataset:name:HPA048459	/uod/idr/filesets/idr0043-uhlen-humanproteinatlas/20190121-ftp/48459
Dataset:name:HPA048458	/uod/idr/filesets/idr0043-uhlen-humanproteinatlas/20190121-ftp/48458
Dataset:name:HPA048454	/uod/idr/filesets/idr0043-uhlen-humanproteinatlas/20190121-ftp/48454
Dataset:name:HPA048447	/uod/idr/filesets/idr0043-uhlen-humanproteinatlas/20190121-ftp/48447
Dataset:name:HPA048445	/uod/idr/filesets/idr0043-uhlen-humanproteinatlas/20190121-ftp/48445
Dataset:name:HPA048444	/uod/idr/filesets/idr0043-uhlen-humanproteinatlas/20190121-ftp/48444
Dataset:name:HPA048443	/uod/idr/filesets/idr0043-uhlen-humanproteinatlas/20190121-ftp/48443
Dataset:name:HPA048441	/uod/idr/filesets/idr0043-uhlen-humanproteinatlas/20190121-ftp/48441
Dataset:name:HPA048440	/uod/idr/filesets/idr0043-uhlen-humanproteinatlas/20190121-ftp/48440
Dataset:name:HPA048438	/uod/idr/filesets/idr0043-uhlen-humanproteinatlas/20190121-ftp/48438
Dataset:name:HPA048436	/uod/idr/filesets/idr0043-uhlen-humanproteinatlas/20190121-ftp/48436
Dataset:name:HPA048393	/uod/idr/filesets/idr0043-uhlen-humanproteinatlas/20190121-ftp/48393
Dataset:name:HPA048392	/uod/idr/filesets/idr0043-uhlen-humanproteinatlas/20190121-ftp/48392
Dataset:name:HPA048389	/uod/idr/filesets/idr0043-uhlen-humanproteinatlas/20190121-ftp/48389
Dataset:name:HPA048386	/uod/idr/filesets/idr0043-uhlen-humanproteinatlas/20190121-ftp/48386
Dataset:name:HPA048380	/uod/idr/filesets/idr0043-uhlen-humanproteinatlas/20190121-ftp/48380
Dataset:name:HPA048375	/uod/idr/filesets/idr0043-uhlen-humanproteinatlas/20190121-ftp/48375
Dataset:name:HPA048373	/uod/idr/filesets/idr0043-uhlen-humanproteinatlas/20190121-ftp/48373
Dataset:name:HPA048372	/uod/idr/filesets/idr0043-uhlen-humanproteinatlas/20190121-ftp/48372
Dataset:name:HPA048368	/uod/idr/filesets/idr0043-uhlen-humanproteinatlas/20190121-ftp/48368
Dataset:name:HPA048367	/uod/idr/filesets/idr0043-uhlen-humanproteinatlas/20190121-ftp/48367
Dataset:name:HPA048363	/uod/idr/filesets/idr0043-uhlen-humanproteinatlas/20190121-ftp/48363
Dataset:name:HPA048362	/uod/idr/filesets/idr0043-uhlen-humanproteinatlas/20190121-ftp/48362
Dataset:name:HPA048353	/uod/idr/filesets/idr0043-uhlen-humanproteinatlas/20190121-ftp/48353
Dataset:name:HPA048352	/uod/idr/filesets/idr0043-uhlen-humanproteinatlas/20190121-ftp/48352
Dataset:name:HPA048349	/uod/idr/filesets/idr0043-uhlen-humanproteinatlas/20190121-ftp/48349
Dataset:name:HPA048345	/uod/idr/filesets/idr0043-uhlen-humanproteinatlas/20190121-ftp/48345
Dataset:name:HPA048344	/uod/idr/filesets/idr0043-uhlen-humanproteinatlas/20190121-ftp/48344
Dataset:name:HPA048342	/uod/idr/filesets/idr0043-uhlen-humanproteinatlas/20190121-ftp/48342
Dataset:name:HPA048341	/uod/idr/filesets/idr0043-uhlen-humanproteinatlas/20190121-ftp/48341
Dataset:name:HPA048337	/uod/idr/filesets/idr0043-uhlen-humanproteinatlas/20190121-ftp/48337
Dataset:name:HPA048335	/uod/idr/filesets/idr0043-uhlen-humanproteinatlas/20190121-ftp/48335
Dataset:name:HPA048334	/uod/idr/filesets/idr0043-uhlen-humanproteinatlas/20190121-ftp/48334
Dataset:name:HPA048332	/uod/idr/filesets/idr0043-uhlen-humanproteinatlas/20190121-ftp/48332
Dataset:name:HPA048325	/uod/idr/filesets/idr0043-uhlen-humanproteinatlas/20190121-ftp/48325
Dataset:name:HPA048322	/uod/idr/filesets/idr0043-uhlen-humanproteinatlas/20190121-ftp/48322
Dataset:name:HPA048321	/uod/idr/filesets/idr0043-uhlen-humanproteinatlas/20190121-ftp/48321
Dataset:name:HPA048319	/uod/idr/filesets/idr0043-uhlen-humanproteinatlas/20190121-ftp/48319
Dataset:name:HPA048317	/uod/idr/filesets/idr0043-uhlen-humanproteinatlas/20190121-ftp/48317
Dataset:name:HPA048315	/uod/idr/filesets/idr0043-uhlen-humanproteinatlas/20190121-ftp/48315
Dataset:name:HPA048312	/uod/idr/filesets/idr0043-uhlen-humanproteinatlas/20190121-ftp/48312
Dataset:name:HPA048311	/uod/idr/filesets/idr0043-uhlen-humanproteinatlas/20190121-ftp/48311
Dataset:name:HPA048310	/uod/idr/filesets/idr0043-uhlen-humanproteinatlas/20190121-ftp/48310
Dataset:name:HPA048308	/uod/idr/filesets/idr0043-uhlen-humanproteinatlas/20190121-ftp/48308
Dataset:name:HPA048307	/uod/idr/filesets/idr0043-uhlen-humanproteinatlas/20190121-ftp/48307
Dataset:name:HPA048301	/uod/idr/filesets/idr0043-uhlen-humanproteinatlas/20190121-ftp/48301
Dataset:name:HPA048295	/uod/idr/filesets/idr0043-uhlen-humanproteinatlas/20190121-ftp/48295
Dataset:name:HPA048293	/uod/idr/filesets/idr0043-uhlen-humanproteinatlas/20190121-ftp/48293
Dataset:name:HPA048292	/uod/idr/filesets/idr0043-uhlen-humanproteinatlas/20190121-ftp/48292
Dataset:name:HPA048287	/uod/idr/filesets/idr0043-uhlen-humanproteinatlas/20190121-ftp/48287
Dataset:name:HPA048286	/uod/idr/filesets/idr0043-uhlen-humanproteinatlas/20190121-ftp/48286
Dataset:name:HPA048284	/uod/idr/filesets/idr0043-uhlen-humanproteinatlas/20190121-ftp/48284
Dataset:name:HPA048280	/uod/idr/filesets/idr0043-uhlen-humanproteinatlas/20190121-ftp/48280
Dataset:name:HPA048273	/uod/idr/filesets/idr0043-uhlen-humanproteinatlas/20190121-ftp/48273
Dataset:name:HPA048272	/uod/idr/filesets/idr0043-uhlen-humanproteinatlas/20190121-ftp/48272
Dataset:name:HPA048267	/uod/idr/filesets/idr0043-uhlen-humanproteinatlas/20190121-ftp/48267
Dataset:name:HPA048265	/uod/idr/filesets/idr0043-uhlen-humanproteinatlas/20190121-ftp/48265
Dataset:name:HPA048260	/uod/idr/filesets/idr0043-uhlen-humanproteinatlas/20190121-ftp/48260
Dataset:name:HPA048257	/uod/idr/filesets/idr0043-uhlen-humanproteinatlas/20190121-ftp/48257
Dataset:name:HPA048256	/uod/idr/filesets/idr0043-uhlen-humanproteinatlas/20190121-ftp/48256
Dataset:name:HPA048250	/uod/idr/filesets/idr0043-uhlen-humanproteinatlas/20190121-ftp/48250
Dataset:name:HPA048244	/uod/idr/filesets/idr0043-uhlen-humanproteinatlas/20190121-ftp/48244
Dataset:name:HPA048241	/uod/idr/filesets/idr0043-uhlen-humanproteinatlas/20190121-ftp/48241
Dataset:name:HPA048238	/uod/idr/filesets/idr0043-uhlen-humanproteinatlas/20190121-ftp/48238
Dataset:name:HPA048237	/uod/idr/filesets/idr0043-uhlen-humanproteinatlas/20190121-ftp/48237
Dataset:name:HPA048236	/uod/idr/filesets/idr0043-uhlen-humanproteinatlas/20190121-ftp/48236
Dataset:name:HPA048233	/uod/idr/filesets/idr0043-uhlen-humanproteinatlas/20190121-ftp/48233
Dataset:name:HPA048226	/uod/idr/filesets/idr0043-uhlen-humanproteinatlas/20190121-ftp/48226
Dataset:name:HPA048225	/uod/idr/filesets/idr0043-uhlen-humanproteinatlas/20190121-ftp/48225
Dataset:name:HPA048218	/uod/idr/filesets/idr0043-uhlen-humanproteinatlas/20190121-ftp/48218
Dataset:name:HPA048216	/uod/idr/filesets/idr0043-uhlen-humanproteinatlas/20190121-ftp/48216
Dataset:name:HPA048197	/uod/idr/filesets/idr0043-uhlen-humanproteinatlas/20190121-ftp/48197
Dataset:name:HPA048194	/uod/idr/filesets/idr0043-uhlen-humanproteinatlas/20190121-ftp/48194
Dataset:name:HPA048190	/uod/idr/filesets/idr0043-uhlen-humanproteinatlas/20190121-ftp/48190
Dataset:name:HPA048189	/uod/idr/filesets/idr0043-uhlen-humanproteinatlas/20190121-ftp/48189
Dataset:name:HPA048187	/uod/idr/filesets/idr0043-uhlen-humanproteinatlas/20190121-ftp/48187
Dataset:name:HPA048186	/uod/idr/filesets/idr0043-uhlen-humanproteinatlas/20190121-ftp/48186
Dataset:name:HPA048185	/uod/idr/filesets/idr0043-uhlen-humanproteinatlas/20190121-ftp/48185
Dataset:name:HPA048184	/uod/idr/filesets/idr0043-uhlen-humanproteinatlas/20190121-ftp/48184
Dataset:name:HPA048182	/uod/idr/filesets/idr0043-uhlen-humanproteinatlas/20190121-ftp/48182
Dataset:name:HPA048177	/uod/idr/filesets/idr0043-uhlen-humanproteinatlas/20190121-ftp/48177
Dataset:name:HPA048175	/uod/idr/filesets/idr0043-uhlen-humanproteinatlas/20190121-ftp/48175
Dataset:name:HPA048174	/uod/idr/filesets/idr0043-uhlen-humanproteinatlas/20190121-ftp/48174
Dataset:name:HPA048168	/uod/idr/filesets/idr0043-uhlen-humanproteinatlas/20190121-ftp/48168
Dataset:name:HPA048166	/uod/idr/filesets/idr0043-uhlen-humanproteinatlas/20190121-ftp/48166
Dataset:name:HPA048164	/uod/idr/filesets/idr0043-uhlen-humanproteinatlas/20190121-ftp/48164
Dataset:name:HPA048161	/uod/idr/filesets/idr0043-uhlen-humanproteinatlas/20190121-ftp/48161
Dataset:name:HPA048158	/uod/idr/filesets/idr0043-uhlen-humanproteinatlas/20190121-ftp/48158
Dataset:name:HPA048156	/uod/idr/filesets/idr0043-uhlen-humanproteinatlas/20190121-ftp/48156
Dataset:name:HPA048153	/uod/idr/filesets/idr0043-uhlen-humanproteinatlas/20190121-ftp/48153
Dataset:name:HPA048149	/uod/idr/filesets/idr0043-uhlen-humanproteinatlas/20190121-ftp/48149
Dataset:name:HPA048148	/uod/idr/filesets/idr0043-uhlen-humanproteinatlas/20190121-ftp/48148
Dataset:name:HPA048147	/uod/idr/filesets/idr0043-uhlen-humanproteinatlas/20190121-ftp/48147
Dataset:name:HPA048146	/uod/idr/filesets/idr0043-uhlen-humanproteinatlas/20190121-ftp/48146
Dataset:name:HPA048145	/uod/idr/filesets/idr0043-uhlen-humanproteinatlas/20190121-ftp/48145
Dataset:name:HPA048143	/uod/idr/filesets/idr0043-uhlen-humanproteinatlas/20190121-ftp/48143
Dataset:name:HPA048141	/uod/idr/filesets/idr0043-uhlen-humanproteinatlas/20190121-ftp/48141
Dataset:name:HPA048140	/uod/idr/filesets/idr0043-uhlen-humanproteinatlas/20190121-ftp/48140
Dataset:name:HPA048128	/uod/idr/filesets/idr0043-uhlen-humanproteinatlas/20190121-ftp/48128
Dataset:name:HPA048127	/uod/idr/filesets/idr0043-uhlen-humanproteinatlas/20190121-ftp/48127
Dataset:name:HPA048126	/uod/idr/filesets/idr0043-uhlen-humanproteinatlas/20190121-ftp/48126
Dataset:name:HPA048125	/uod/idr/filesets/idr0043-uhlen-humanproteinatlas/20190121-ftp/48125
Dataset:name:HPA048124	/uod/idr/filesets/idr0043-uhlen-humanproteinatlas/20190121-ftp/48124
Dataset:name:HPA048123	/uod/idr/filesets/idr0043-uhlen-humanproteinatlas/20190121-ftp/48123
Dataset:name:HPA048122	/uod/idr/filesets/idr0043-uhlen-humanproteinatlas/20190121-ftp/48122
Dataset:name:HPA048121	/uod/idr/filesets/idr0043-uhlen-humanproteinatlas/20190121-ftp/48121
Dataset:name:HPA048116	/uod/idr/filesets/idr0043-uhlen-humanproteinatlas/20190121-ftp/48116
Dataset:name:HPA048113	/uod/idr/filesets/idr0043-uhlen-humanproteinatlas/20190121-ftp/48113
Dataset:name:HPA048112	/uod/idr/filesets/idr0043-uhlen-humanproteinatlas/20190121-ftp/48112
Dataset:name:HPA048104	/uod/idr/filesets/idr0043-uhlen-humanproteinatlas/20190121-ftp/48104
Dataset:name:HPA048098	/uod/idr/filesets/idr0043-uhlen-humanproteinatlas/20190121-ftp/48098
Dataset:name:HPA048093	/uod/idr/filesets/idr0043-uhlen-humanproteinatlas/20190121-ftp/48093
Dataset:name:HPA048092	/uod/idr/filesets/idr0043-uhlen-humanproteinatlas/20190121-ftp/48092
Dataset:name:HPA048088	/uod/idr/filesets/idr0043-uhlen-humanproteinatlas/20190121-ftp/48088
Dataset:name:HPA048086	/uod/idr/filesets/idr0043-uhlen-humanproteinatlas/20190121-ftp/48086
Dataset:name:HPA048084	/uod/idr/filesets/idr0043-uhlen-humanproteinatlas/20190121-ftp/48084
Dataset:name:HPA048083	/uod/idr/filesets/idr0043-uhlen-humanproteinatlas/20190121-ftp/48083
Dataset:name:HPA048081	/uod/idr/filesets/idr0043-uhlen-humanproteinatlas/20190121-ftp/48081
Dataset:name:HPA048075	/uod/idr/filesets/idr0043-uhlen-humanproteinatlas/20190121-ftp/48075
Dataset:name:HPA048072	/uod/idr/filesets/idr0043-uhlen-humanproteinatlas/20190121-ftp/48072
Dataset:name:HPA048070	/uod/idr/filesets/idr0043-uhlen-humanproteinatlas/20190121-ftp/48070
Dataset:name:HPA048064	/uod/idr/filesets/idr0043-uhlen-humanproteinatlas/20190121-ftp/48064
Dataset:name:HPA048063	/uod/idr/filesets/idr0043-uhlen-humanproteinatlas/20190121-ftp/48063
Dataset:name:HPA048054	/uod/idr/filesets/idr0043-uhlen-humanproteinatlas/20190121-ftp/48054
Dataset:name:HPA048046	/uod/idr/filesets/idr0043-uhlen-humanproteinatlas/20190121-ftp/48046
Dataset:name:HPA048042	/uod/idr/filesets/idr0043-uhlen-humanproteinatlas/20190121-ftp/48042
Dataset:name:HPA048032	/uod/idr/filesets/idr0043-uhlen-humanproteinatlas/20190121-ftp/48032
Dataset:name:HPA048028	/uod/idr/filesets/idr0043-uhlen-humanproteinatlas/20190121-ftp/48028
Dataset:name:HPA048022	/uod/idr/filesets/idr0043-uhlen-humanproteinatlas/20190121-ftp/48022
Dataset:name:HPA048020	/uod/idr/filesets/idr0043-uhlen-humanproteinatlas/20190121-ftp/48020
Dataset:name:HPA048015	/uod/idr/filesets/idr0043-uhlen-humanproteinatlas/20190121-ftp/48015
Dataset:name:HPA048003	/uod/idr/filesets/idr0043-uhlen-humanproteinatlas/20190121-ftp/48003
Dataset:name:HPA047981	/uod/idr/filesets/idr0043-uhlen-humanproteinatlas/20190121-ftp/47981
Dataset:name:HPA047973	/uod/idr/filesets/idr0043-uhlen-humanproteinatlas/20190121-ftp/47973
Dataset:name:HPA047958	/uod/idr/filesets/idr0043-uhlen-humanproteinatlas/20190121-ftp/47958
Dataset:name:HPA047956	/uod/idr/filesets/idr0043-uhlen-humanproteinatlas/20190121-ftp/47956
Dataset:name:HPA047955	/uod/idr/filesets/idr0043-uhlen-humanproteinatlas/20190121-ftp/47955
Dataset:name:HPA047950	/uod/idr/filesets/idr0043-uhlen-humanproteinatlas/20190121-ftp/47950
Dataset:name:HPA047948	/uod/idr/filesets/idr0043-uhlen-humanproteinatlas/20190121-ftp/47948
Dataset:name:HPA047945	/uod/idr/filesets/idr0043-uhlen-humanproteinatlas/20190121-ftp/47945
Dataset:name:HPA047931	/uod/idr/filesets/idr0043-uhlen-humanproteinatlas/20190121-ftp/47931
Dataset:name:HPA047928	/uod/idr/filesets/idr0043-uhlen-humanproteinatlas/20190121-ftp/47928
Dataset:name:HPA047927	/uod/idr/filesets/idr0043-uhlen-humanproteinatlas/20190121-ftp/47927
Dataset:name:HPA047924	/uod/idr/filesets/idr0043-uhlen-humanproteinatlas/20190121-ftp/47924
Dataset:name:HPA047921	/uod/idr/filesets/idr0043-uhlen-humanproteinatlas/20190121-ftp/47921
Dataset:name:HPA047920	/uod/idr/filesets/idr0043-uhlen-humanproteinatlas/20190121-ftp/47920
Dataset:name:HPA047919	/uod/idr/filesets/idr0043-uhlen-humanproteinatlas/20190121-ftp/47919
Dataset:name:HPA047917	/uod/idr/filesets/idr0043-uhlen-humanproteinatlas/20190121-ftp/47917
Dataset:name:HPA047913	/uod/idr/filesets/idr0043-uhlen-humanproteinatlas/20190121-ftp/47913
Dataset:name:HPA047911	/uod/idr/filesets/idr0043-uhlen-humanproteinatlas/20190121-ftp/47911
Dataset:name:HPA047897	/uod/idr/filesets/idr0043-uhlen-humanproteinatlas/20190121-ftp/47897
Dataset:name:HPA047896	/uod/idr/filesets/idr0043-uhlen-humanproteinatlas/20190121-ftp/47896
Dataset:name:HPA047894	/uod/idr/filesets/idr0043-uhlen-humanproteinatlas/20190121-ftp/47894
Dataset:name:HPA047893	/uod/idr/filesets/idr0043-uhlen-humanproteinatlas/20190121-ftp/47893
Dataset:name:HPA047883	/uod/idr/filesets/idr0043-uhlen-humanproteinatlas/20190121-ftp/47883
Dataset:name:HPA047881	/uod/idr/filesets/idr0043-uhlen-humanproteinatlas/20190121-ftp/47881
Dataset:name:HPA047880	/uod/idr/filesets/idr0043-uhlen-humanproteinatlas/20190121-ftp/47880
Dataset:name:HPA047875	/uod/idr/filesets/idr0043-uhlen-humanproteinatlas/20190121-ftp/47875
Dataset:name:HPA047872	/uod/idr/filesets/idr0043-uhlen-humanproteinatlas/20190121-ftp/47872
Dataset:name:HPA047871	/uod/idr/filesets/idr0043-uhlen-humanproteinatlas/20190121-ftp/47871
Dataset:name:HPA047870	/uod/idr/filesets/idr0043-uhlen-humanproteinatlas/20190121-ftp/47870
Dataset:name:HPA047869	/uod/idr/filesets/idr0043-uhlen-humanproteinatlas/20190121-ftp/47869
Dataset:name:HPA047865	/uod/idr/filesets/idr0043-uhlen-humanproteinatlas/20190121-ftp/47865
Dataset:name:HPA047864	/uod/idr/filesets/idr0043-uhlen-humanproteinatlas/20190121-ftp/47864
Dataset:name:HPA047863	/uod/idr/filesets/idr0043-uhlen-humanproteinatlas/20190121-ftp/47863
Dataset:name:HPA047862	/uod/idr/filesets/idr0043-uhlen-humanproteinatlas/20190121-ftp/47862
Dataset:name:HPA047859	/uod/idr/filesets/idr0043-uhlen-humanproteinatlas/20190121-ftp/47859
Dataset:name:HPA047858	/uod/idr/filesets/idr0043-uhlen-humanproteinatlas/20190121-ftp/47858
Dataset:name:HPA047854	/uod/idr/filesets/idr0043-uhlen-humanproteinatlas/20190121-ftp/47854
Dataset:name:HPA047851	/uod/idr/filesets/idr0043-uhlen-humanproteinatlas/20190121-ftp/47851
Dataset:name:HPA047849	/uod/idr/filesets/idr0043-uhlen-humanproteinatlas/20190121-ftp/47849
Dataset:name:HPA047845	/uod/idr/filesets/idr0043-uhlen-humanproteinatlas/20190121-ftp/47845
Dataset:name:HPA047844	/uod/idr/filesets/idr0043-uhlen-humanproteinatlas/20190121-ftp/47844
Dataset:name:HPA047839	/uod/idr/filesets/idr0043-uhlen-humanproteinatlas/20190121-ftp/47839
Dataset:name:HPA047836	/uod/idr/filesets/idr0043-uhlen-humanproteinatlas/20190121-ftp/47836
Dataset:name:HPA047834	/uod/idr/filesets/idr0043-uhlen-humanproteinatlas/20190121-ftp/47834
Dataset:name:HPA047833	/uod/idr/filesets/idr0043-uhlen-humanproteinatlas/20190121-ftp/47833
Dataset:name:HPA047829	/uod/idr/filesets/idr0043-uhlen-humanproteinatlas/20190121-ftp/47829
Dataset:name:HPA047822	/uod/idr/filesets/idr0043-uhlen-humanproteinatlas/20190121-ftp/47822
Dataset:name:HPA047821	/uod/idr/filesets/idr0043-uhlen-humanproteinatlas/20190121-ftp/47821
Dataset:name:HPA047820	/uod/idr/filesets/idr0043-uhlen-humanproteinatlas/20190121-ftp/47820
Dataset:name:HPA047819	/uod/idr/filesets/idr0043-uhlen-humanproteinatlas/20190121-ftp/47819
Dataset:name:HPA047818	/uod/idr/filesets/idr0043-uhlen-humanproteinatlas/20190121-ftp/47818
Dataset:name:HPA047815	/uod/idr/filesets/idr0043-uhlen-humanproteinatlas/20190121-ftp/47815
Dataset:name:HPA047814	/uod/idr/filesets/idr0043-uhlen-humanproteinatlas/20190121-ftp/47814
Dataset:name:HPA047809	/uod/idr/filesets/idr0043-uhlen-humanproteinatlas/20190121-ftp/47809
Dataset:name:HPA047806	/uod/idr/filesets/idr0043-uhlen-humanproteinatlas/20190121-ftp/47806
Dataset:name:HPA047804	/uod/idr/filesets/idr0043-uhlen-humanproteinatlas/20190121-ftp/47804
Dataset:name:HPA047801	/uod/idr/filesets/idr0043-uhlen-humanproteinatlas/20190121-ftp/47801
Dataset:name:HPA047798	/uod/idr/filesets/idr0043-uhlen-humanproteinatlas/20190121-ftp/47798
Dataset:name:HPA047793	/uod/idr/filesets/idr0043-uhlen-humanproteinatlas/20190121-ftp/47793
Dataset:name:HPA047792	/uod/idr/filesets/idr0043-uhlen-humanproteinatlas/20190121-ftp/47792
Dataset:name:HPA047784	/uod/idr/filesets/idr0043-uhlen-humanproteinatlas/20190121-ftp/47784
Dataset:name:HPA047778	/uod/idr/filesets/idr0043-uhlen-humanproteinatlas/20190121-ftp/47778
Dataset:name:HPA047777	/uod/idr/filesets/idr0043-uhlen-humanproteinatlas/20190121-ftp/47777
Dataset:name:HPA047776	/uod/idr/filesets/idr0043-uhlen-humanproteinatlas/20190121-ftp/47776
Dataset:name:HPA047771	/uod/idr/filesets/idr0043-uhlen-humanproteinatlas/20190121-ftp/47771
Dataset:name:HPA047769	/uod/idr/filesets/idr0043-uhlen-humanproteinatlas/20190121-ftp/47769
Dataset:name:HPA047766	/uod/idr/filesets/idr0043-uhlen-humanproteinatlas/20190121-ftp/47766
Dataset:name:HPA047754	/uod/idr/filesets/idr0043-uhlen-humanproteinatlas/20190121-ftp/47754
Dataset:name:HPA047752	/uod/idr/filesets/idr0043-uhlen-humanproteinatlas/20190121-ftp/47752
Dataset:name:HPA047750	/uod/idr/filesets/idr0043-uhlen-humanproteinatlas/20190121-ftp/47750
Dataset:name:HPA047746	/uod/idr/filesets/idr0043-uhlen-humanproteinatlas/20190121-ftp/47746
Dataset:name:HPA047745	/uod/idr/filesets/idr0043-uhlen-humanproteinatlas/20190121-ftp/47745
Dataset:name:HPA047744	/uod/idr/filesets/idr0043-uhlen-humanproteinatlas/20190121-ftp/47744
Dataset:name:HPA047739	/uod/idr/filesets/idr0043-uhlen-humanproteinatlas/20190121-ftp/47739
Dataset:name:HPA047737	/uod/idr/filesets/idr0043-uhlen-humanproteinatlas/20190121-ftp/47737
Dataset:name:HPA047735	/uod/idr/filesets/idr0043-uhlen-humanproteinatlas/20190121-ftp/47735
Dataset:name:HPA047733	/uod/idr/filesets/idr0043-uhlen-humanproteinatlas/20190121-ftp/47733
Dataset:name:HPA047732	/uod/idr/filesets/idr0043-uhlen-humanproteinatlas/20190121-ftp/47732
Dataset:name:HPA047731	/uod/idr/filesets/idr0043-uhlen-humanproteinatlas/20190121-ftp/47731
Dataset:name:HPA047730	/uod/idr/filesets/idr0043-uhlen-humanproteinatlas/20190121-ftp/47730
Dataset:name:HPA047729	/uod/idr/filesets/idr0043-uhlen-humanproteinatlas/20190121-ftp/47729
Dataset:name:HPA047726	/uod/idr/filesets/idr0043-uhlen-humanproteinatlas/20190121-ftp/47726
Dataset:name:HPA047721	/uod/idr/filesets/idr0043-uhlen-humanproteinatlas/20190121-ftp/47721
Dataset:name:HPA047720	/uod/idr/filesets/idr0043-uhlen-humanproteinatlas/20190121-ftp/47720
Dataset:name:HPA047716	/uod/idr/filesets/idr0043-uhlen-humanproteinatlas/20190121-ftp/47716
Dataset:name:HPA047707	/uod/idr/filesets/idr0043-uhlen-humanproteinatlas/20190121-ftp/47707
Dataset:name:HPA047705	/uod/idr/filesets/idr0043-uhlen-humanproteinatlas/20190121-ftp/47705
Dataset:name:HPA047704	/uod/idr/filesets/idr0043-uhlen-humanproteinatlas/20190121-ftp/47704
Dataset:name:HPA047703	/uod/idr/filesets/idr0043-uhlen-humanproteinatlas/20190121-ftp/47703
Dataset:name:HPA047694	/uod/idr/filesets/idr0043-uhlen-humanproteinatlas/20190121-ftp/47694
Dataset:name:HPA047684	/uod/idr/filesets/idr0043-uhlen-humanproteinatlas/20190121-ftp/47684
Dataset:name:HPA047679	/uod/idr/filesets/idr0043-uhlen-humanproteinatlas/20190121-ftp/47679
Dataset:name:HPA047677	/uod/idr/filesets/idr0043-uhlen-humanproteinatlas/20190121-ftp/47677
Dataset:name:HPA047673	/uod/idr/filesets/idr0043-uhlen-humanproteinatlas/20190121-ftp/47673
Dataset:name:HPA047663	/uod/idr/filesets/idr0043-uhlen-humanproteinatlas/20190121-ftp/47663
Dataset:name:HPA047660	/uod/idr/filesets/idr0043-uhlen-humanproteinatlas/20190121-ftp/47660
Dataset:name:HPA047658	/uod/idr/filesets/idr0043-uhlen-humanproteinatlas/20190121-ftp/47658
Dataset:name:HPA047655	/uod/idr/filesets/idr0043-uhlen-humanproteinatlas/20190121-ftp/47655
Dataset:name:HPA047654	/uod/idr/filesets/idr0043-uhlen-humanproteinatlas/20190121-ftp/47654
Dataset:name:HPA047641	/uod/idr/filesets/idr0043-uhlen-humanproteinatlas/20190121-ftp/47641
Dataset:name:HPA047635	/uod/idr/filesets/idr0043-uhlen-humanproteinatlas/20190121-ftp/47635
Dataset:name:HPA047634	/uod/idr/filesets/idr0043-uhlen-humanproteinatlas/20190121-ftp/47634
Dataset:name:HPA047629	/uod/idr/filesets/idr0043-uhlen-humanproteinatlas/20190121-ftp/47629
Dataset:name:HPA047627	/uod/idr/filesets/idr0043-uhlen-humanproteinatlas/20190121-ftp/47627
Dataset:name:HPA047624	/uod/idr/filesets/idr0043-uhlen-humanproteinatlas/20190121-ftp/47624
Dataset:name:HPA047619	/uod/idr/filesets/idr0043-uhlen-humanproteinatlas/20190121-ftp/47619
Dataset:name:HPA047616	/uod/idr/filesets/idr0043-uhlen-humanproteinatlas/20190121-ftp/47616
Dataset:name:HPA047614	/uod/idr/filesets/idr0043-uhlen-humanproteinatlas/20190121-ftp/47614
Dataset:name:HPA047612	/uod/idr/filesets/idr0043-uhlen-humanproteinatlas/20190121-ftp/47612
Dataset:name:HPA047607	/uod/idr/filesets/idr0043-uhlen-humanproteinatlas/20190121-ftp/47607
Dataset:name:HPA047606	/uod/idr/filesets/idr0043-uhlen-humanproteinatlas/20190121-ftp/47606
Dataset:name:HPA047601	/uod/idr/filesets/idr0043-uhlen-humanproteinatlas/20190121-ftp/47601
Dataset:name:HPA047600	/uod/idr/filesets/idr0043-uhlen-humanproteinatlas/20190121-ftp/47600
Dataset:name:HPA047599	/uod/idr/filesets/idr0043-uhlen-humanproteinatlas/20190121-ftp/47599
Dataset:name:HPA047598	/uod/idr/filesets/idr0043-uhlen-humanproteinatlas/20190121-ftp/47598
Dataset:name:HPA047586	/uod/idr/filesets/idr0043-uhlen-humanproteinatlas/20190121-ftp/47586
Dataset:name:HPA047562	/uod/idr/filesets/idr0043-uhlen-humanproteinatlas/20190121-ftp/47562
Dataset:name:HPA047561	/uod/idr/filesets/idr0043-uhlen-humanproteinatlas/20190121-ftp/47561
Dataset:name:HPA047557	/uod/idr/filesets/idr0043-uhlen-humanproteinatlas/20190121-ftp/47557
Dataset:name:HPA047550	/uod/idr/filesets/idr0043-uhlen-humanproteinatlas/20190121-ftp/47550
Dataset:name:HPA047549	/uod/idr/filesets/idr0043-uhlen-humanproteinatlas/20190121-ftp/47549
Dataset:name:HPA047548	/uod/idr/filesets/idr0043-uhlen-humanproteinatlas/20190121-ftp/47548
Dataset:name:HPA047547	/uod/idr/filesets/idr0043-uhlen-humanproteinatlas/20190121-ftp/47547
Dataset:name:HPA047546	/uod/idr/filesets/idr0043-uhlen-humanproteinatlas/20190121-ftp/47546
Dataset:name:HPA047541	/uod/idr/filesets/idr0043-uhlen-humanproteinatlas/20190121-ftp/47541
Dataset:name:HPA047534	/uod/idr/filesets/idr0043-uhlen-humanproteinatlas/20190121-ftp/47534
Dataset:name:HPA047529	/uod/idr/filesets/idr0043-uhlen-humanproteinatlas/20190121-ftp/47529
Dataset:name:HPA047527	/uod/idr/filesets/idr0043-uhlen-humanproteinatlas/20190121-ftp/47527
Dataset:name:HPA047524	/uod/idr/filesets/idr0043-uhlen-humanproteinatlas/20190121-ftp/47524
Dataset:name:HPA047513	/uod/idr/filesets/idr0043-uhlen-humanproteinatlas/20190121-ftp/47513
Dataset:name:HPA047509	/uod/idr/filesets/idr0043-uhlen-humanproteinatlas/20190121-ftp/47509
Dataset:name:HPA047506	/uod/idr/filesets/idr0043-uhlen-humanproteinatlas/20190121-ftp/47506
Dataset:name:HPA047503	/uod/idr/filesets/idr0043-uhlen-humanproteinatlas/20190121-ftp/47503
Dataset:name:HPA047501	/uod/idr/filesets/idr0043-uhlen-humanproteinatlas/20190121-ftp/47501
Dataset:name:HPA047497	/uod/idr/filesets/idr0043-uhlen-humanproteinatlas/20190121-ftp/47497
Dataset:name:HPA047496	/uod/idr/filesets/idr0043-uhlen-humanproteinatlas/20190121-ftp/47496
Dataset:name:HPA047489	/uod/idr/filesets/idr0043-uhlen-humanproteinatlas/20190121-ftp/47489
Dataset:name:HPA047487	/uod/idr/filesets/idr0043-uhlen-humanproteinatlas/20190121-ftp/47487
Dataset:name:HPA047486	/uod/idr/filesets/idr0043-uhlen-humanproteinatlas/20190121-ftp/47486
Dataset:name:HPA047483	/uod/idr/filesets/idr0043-uhlen-humanproteinatlas/20190121-ftp/47483
Dataset:name:HPA047478	/uod/idr/filesets/idr0043-uhlen-humanproteinatlas/20190121-ftp/47478
Dataset:name:HPA047473	/uod/idr/filesets/idr0043-uhlen-humanproteinatlas/20190121-ftp/47473
Dataset:name:HPA047468	/uod/idr/filesets/idr0043-uhlen-humanproteinatlas/20190121-ftp/47468
Dataset:name:HPA047466	/uod/idr/filesets/idr0043-uhlen-humanproteinatlas/20190121-ftp/47466
Dataset:name:HPA047463	/uod/idr/filesets/idr0043-uhlen-humanproteinatlas/20190121-ftp/47463
Dataset:name:HPA047459	/uod/idr/filesets/idr0043-uhlen-humanproteinatlas/20190121-ftp/47459
Dataset:name:HPA047456	/uod/idr/filesets/idr0043-uhlen-humanproteinatlas/20190121-ftp/47456
Dataset:name:HPA047455	/uod/idr/filesets/idr0043-uhlen-humanproteinatlas/20190121-ftp/47455
Dataset:name:HPA047454	/uod/idr/filesets/idr0043-uhlen-humanproteinatlas/20190121-ftp/47454
Dataset:name:HPA047447	/uod/idr/filesets/idr0043-uhlen-humanproteinatlas/20190121-ftp/47447
Dataset:name:HPA047446	/uod/idr/filesets/idr0043-uhlen-humanproteinatlas/20190121-ftp/47446
Dataset:name:HPA047439	/uod/idr/filesets/idr0043-uhlen-humanproteinatlas/20190121-ftp/47439
Dataset:name:HPA047435	/uod/idr/filesets/idr0043-uhlen-humanproteinatlas/20190121-ftp/47435
Dataset:name:HPA047433	/uod/idr/filesets/idr0043-uhlen-humanproteinatlas/20190121-ftp/47433
Dataset:name:HPA047431	/uod/idr/filesets/idr0043-uhlen-humanproteinatlas/20190121-ftp/47431
Dataset:name:HPA047430	/uod/idr/filesets/idr0043-uhlen-humanproteinatlas/20190121-ftp/47430
Dataset:name:HPA047429	/uod/idr/filesets/idr0043-uhlen-humanproteinatlas/20190121-ftp/47429
Dataset:name:HPA047428	/uod/idr/filesets/idr0043-uhlen-humanproteinatlas/20190121-ftp/47428
Dataset:name:HPA047426	/uod/idr/filesets/idr0043-uhlen-humanproteinatlas/20190121-ftp/47426
Dataset:name:HPA047420	/uod/idr/filesets/idr0043-uhlen-humanproteinatlas/20190121-ftp/47420
Dataset:name:HPA047418	/uod/idr/filesets/idr0043-uhlen-humanproteinatlas/20190121-ftp/47418
Dataset:name:HPA047415	/uod/idr/filesets/idr0043-uhlen-humanproteinatlas/20190121-ftp/47415
Dataset:name:HPA047412	/uod/idr/filesets/idr0043-uhlen-humanproteinatlas/20190121-ftp/47412
Dataset:name:HPA047411	/uod/idr/filesets/idr0043-uhlen-humanproteinatlas/20190121-ftp/47411
Dataset:name:HPA047408	/uod/idr/filesets/idr0043-uhlen-humanproteinatlas/20190121-ftp/47408
Dataset:name:HPA047403	/uod/idr/filesets/idr0043-uhlen-humanproteinatlas/20190121-ftp/47403
Dataset:name:HPA047402	/uod/idr/filesets/idr0043-uhlen-humanproteinatlas/20190121-ftp/47402
Dataset:name:HPA047400	/uod/idr/filesets/idr0043-uhlen-humanproteinatlas/20190121-ftp/47400
Dataset:name:HPA047399	/uod/idr/filesets/idr0043-uhlen-humanproteinatlas/20190121-ftp/47399
Dataset:name:HPA047396	/uod/idr/filesets/idr0043-uhlen-humanproteinatlas/20190121-ftp/47396
Dataset:name:HPA047395	/uod/idr/filesets/idr0043-uhlen-humanproteinatlas/20190121-ftp/47395
Dataset:name:HPA047394	/uod/idr/filesets/idr0043-uhlen-humanproteinatlas/20190121-ftp/47394
Dataset:name:HPA047386	/uod/idr/filesets/idr0043-uhlen-humanproteinatlas/20190121-ftp/47386
Dataset:name:HPA047385	/uod/idr/filesets/idr0043-uhlen-humanproteinatlas/20190121-ftp/47385
Dataset:name:HPA047379	/uod/idr/filesets/idr0043-uhlen-humanproteinatlas/20190121-ftp/47379
Dataset:name:HPA047377	/uod/idr/filesets/idr0043-uhlen-humanproteinatlas/20190121-ftp/47377
Dataset:name:HPA047374	/uod/idr/filesets/idr0043-uhlen-humanproteinatlas/20190121-ftp/47374
Dataset:name:HPA047373	/uod/idr/filesets/idr0043-uhlen-humanproteinatlas/20190121-ftp/47373
Dataset:name:HPA047372	/uod/idr/filesets/idr0043-uhlen-humanproteinatlas/20190121-ftp/47372
Dataset:name:HPA047370	/uod/idr/filesets/idr0043-uhlen-humanproteinatlas/20190121-ftp/47370
Dataset:name:HPA047369	/uod/idr/filesets/idr0043-uhlen-humanproteinatlas/20190121-ftp/47369
Dataset:name:HPA047368	/uod/idr/filesets/idr0043-uhlen-humanproteinatlas/20190121-ftp/47368
Dataset:name:CAB047357	/uod/idr/filesets/idr0043-uhlen-humanproteinatlas/20190121-ftp/47357
Dataset:name:CAB047353	/uod/idr/filesets/idr0043-uhlen-humanproteinatlas/20190121-ftp/47353
Dataset:name:CAB047350	/uod/idr/filesets/idr0043-uhlen-humanproteinatlas/20190121-ftp/47350
Dataset:name:CAB047344	/uod/idr/filesets/idr0043-uhlen-humanproteinatlas/20190121-ftp/47344
Dataset:name:CAB047343	/uod/idr/filesets/idr0043-uhlen-humanproteinatlas/20190121-ftp/47343
Dataset:name:CAB047340	/uod/idr/filesets/idr0043-uhlen-humanproteinatlas/20190121-ftp/47340
Dataset:name:CAB047338	/uod/idr/filesets/idr0043-uhlen-humanproteinatlas/20190121-ftp/47338
Dataset:name:CAB047333	/uod/idr/filesets/idr0043-uhlen-humanproteinatlas/20190121-ftp/47333
Dataset:name:CAB047331	/uod/idr/filesets/idr0043-uhlen-humanproteinatlas/20190121-ftp/47331
Dataset:name:CAB047327	/uod/idr/filesets/idr0043-uhlen-humanproteinatlas/20190121-ftp/47327
Dataset:name:CAB047325	/uod/idr/filesets/idr0043-uhlen-humanproteinatlas/20190121-ftp/47325
Dataset:name:CAB047324	/uod/idr/filesets/idr0043-uhlen-humanproteinatlas/20190121-ftp/47324
Dataset:name:CAB047320	/uod/idr/filesets/idr0043-uhlen-humanproteinatlas/20190121-ftp/47320
Dataset:name:CAB047315	/uod/idr/filesets/idr0043-uhlen-humanproteinatlas/20190121-ftp/47315
Dataset:name:CAB047313	/uod/idr/filesets/idr0043-uhlen-humanproteinatlas/20190121-ftp/47313
Dataset:name:CAB047311	/uod/idr/filesets/idr0043-uhlen-humanproteinatlas/20190121-ftp/47311
Dataset:name:CAB047309	/uod/idr/filesets/idr0043-uhlen-humanproteinatlas/20190121-ftp/47309
Dataset:name:CAB047307	/uod/idr/filesets/idr0043-uhlen-humanproteinatlas/20190121-ftp/47307
Dataset:name:CAB047304	/uod/idr/filesets/idr0043-uhlen-humanproteinatlas/20190121-ftp/47304
Dataset:name:CAB047303	/uod/idr/filesets/idr0043-uhlen-humanproteinatlas/20190121-ftp/47303
Dataset:name:CAB047301	/uod/idr/filesets/idr0043-uhlen-humanproteinatlas/20190121-ftp/47301
Dataset:name:CAB047300	/uod/idr/filesets/idr0043-uhlen-humanproteinatlas/20190121-ftp/47300
Dataset:name:HPA047295	/uod/idr/filesets/idr0043-uhlen-humanproteinatlas/20190121-ftp/47295
Dataset:name:HPA047287	/uod/idr/filesets/idr0043-uhlen-humanproteinatlas/20190121-ftp/47287
Dataset:name:HPA047281	/uod/idr/filesets/idr0043-uhlen-humanproteinatlas/20190121-ftp/47281
Dataset:name:HPA047276	/uod/idr/filesets/idr0043-uhlen-humanproteinatlas/20190121-ftp/47276
Dataset:name:HPA047275	/uod/idr/filesets/idr0043-uhlen-humanproteinatlas/20190121-ftp/47275
Dataset:name:HPA047268	/uod/idr/filesets/idr0043-uhlen-humanproteinatlas/20190121-ftp/47268
Dataset:name:HPA047266	/uod/idr/filesets/idr0043-uhlen-humanproteinatlas/20190121-ftp/47266
Dataset:name:HPA047262	/uod/idr/filesets/idr0043-uhlen-humanproteinatlas/20190121-ftp/47262
Dataset:name:HPA047258	/uod/idr/filesets/idr0043-uhlen-humanproteinatlas/20190121-ftp/47258
Dataset:name:HPA047255	/uod/idr/filesets/idr0043-uhlen-humanproteinatlas/20190121-ftp/47255
Dataset:name:HPA047253	/uod/idr/filesets/idr0043-uhlen-humanproteinatlas/20190121-ftp/47253
Dataset:name:HPA047252	/uod/idr/filesets/idr0043-uhlen-humanproteinatlas/20190121-ftp/47252
Dataset:name:HPA047251	/uod/idr/filesets/idr0043-uhlen-humanproteinatlas/20190121-ftp/47251
Dataset:name:HPA047250	/uod/idr/filesets/idr0043-uhlen-humanproteinatlas/20190121-ftp/47250
Dataset:name:HPA047249	/uod/idr/filesets/idr0043-uhlen-humanproteinatlas/20190121-ftp/47249
Dataset:name:HPA047248	/uod/idr/filesets/idr0043-uhlen-humanproteinatlas/20190121-ftp/47248
Dataset:name:HPA047238	/uod/idr/filesets/idr0043-uhlen-humanproteinatlas/20190121-ftp/47238
Dataset:name:HPA047237	/uod/idr/filesets/idr0043-uhlen-humanproteinatlas/20190121-ftp/47237
Dataset:name:HPA047236	/uod/idr/filesets/idr0043-uhlen-humanproteinatlas/20190121-ftp/47236
Dataset:name:HPA047227	/uod/idr/filesets/idr0043-uhlen-humanproteinatlas/20190121-ftp/47227
Dataset:name:HPA047226	/uod/idr/filesets/idr0043-uhlen-humanproteinatlas/20190121-ftp/47226
Dataset:name:HPA047224	/uod/idr/filesets/idr0043-uhlen-humanproteinatlas/20190121-ftp/47224
Dataset:name:HPA047218	/uod/idr/filesets/idr0043-uhlen-humanproteinatlas/20190121-ftp/47218
Dataset:name:HPA047217	/uod/idr/filesets/idr0043-uhlen-humanproteinatlas/20190121-ftp/47217
Dataset:name:HPA047216	/uod/idr/filesets/idr0043-uhlen-humanproteinatlas/20190121-ftp/47216
Dataset:name:HPA047214	/uod/idr/filesets/idr0043-uhlen-humanproteinatlas/20190121-ftp/47214
Dataset:name:HPA047213	/uod/idr/filesets/idr0043-uhlen-humanproteinatlas/20190121-ftp/47213
Dataset:name:HPA047211	/uod/idr/filesets/idr0043-uhlen-humanproteinatlas/20190121-ftp/47211
Dataset:name:HPA047204	/uod/idr/filesets/idr0043-uhlen-humanproteinatlas/20190121-ftp/47204
Dataset:name:HPA047200	/uod/idr/filesets/idr0043-uhlen-humanproteinatlas/20190121-ftp/47200
Dataset:name:HPA047194	/uod/idr/filesets/idr0043-uhlen-humanproteinatlas/20190121-ftp/47194
Dataset:name:HPA047192	/uod/idr/filesets/idr0043-uhlen-humanproteinatlas/20190121-ftp/47192
Dataset:name:HPA047189	/uod/idr/filesets/idr0043-uhlen-humanproteinatlas/20190121-ftp/47189
Dataset:name:HPA047185	/uod/idr/filesets/idr0043-uhlen-humanproteinatlas/20190121-ftp/47185
Dataset:name:HPA047183	/uod/idr/filesets/idr0043-uhlen-humanproteinatlas/20190121-ftp/47183
Dataset:name:HPA047177	/uod/idr/filesets/idr0043-uhlen-humanproteinatlas/20190121-ftp/47177
Dataset:name:HPA047173	/uod/idr/filesets/idr0043-uhlen-humanproteinatlas/20190121-ftp/47173
Dataset:name:HPA047172	/uod/idr/filesets/idr0043-uhlen-humanproteinatlas/20190121-ftp/47172
Dataset:name:HPA047171	/uod/idr/filesets/idr0043-uhlen-humanproteinatlas/20190121-ftp/47171
Dataset:name:HPA047167	/uod/idr/filesets/idr0043-uhlen-humanproteinatlas/20190121-ftp/47167
Dataset:name:HPA047166	/uod/idr/filesets/idr0043-uhlen-humanproteinatlas/20190121-ftp/47166
Dataset:name:HPA047165	/uod/idr/filesets/idr0043-uhlen-humanproteinatlas/20190121-ftp/47165
Dataset:name:HPA047164	/uod/idr/filesets/idr0043-uhlen-humanproteinatlas/20190121-ftp/47164
Dataset:name:HPA047162	/uod/idr/filesets/idr0043-uhlen-humanproteinatlas/20190121-ftp/47162
Dataset:name:HPA047161	/uod/idr/filesets/idr0043-uhlen-humanproteinatlas/20190121-ftp/47161
Dataset:name:HPA047159	/uod/idr/filesets/idr0043-uhlen-humanproteinatlas/20190121-ftp/47159
Dataset:name:HPA047157	/uod/idr/filesets/idr0043-uhlen-humanproteinatlas/20190121-ftp/47157
Dataset:name:HPA047154	/uod/idr/filesets/idr0043-uhlen-humanproteinatlas/20190121-ftp/47154
Dataset:name:HPA047153	/uod/idr/filesets/idr0043-uhlen-humanproteinatlas/20190121-ftp/47153
Dataset:name:HPA047152	/uod/idr/filesets/idr0043-uhlen-humanproteinatlas/20190121-ftp/47152
Dataset:name:HPA047151	/uod/idr/filesets/idr0043-uhlen-humanproteinatlas/20190121-ftp/47151
Dataset:name:HPA047149	/uod/idr/filesets/idr0043-uhlen-humanproteinatlas/20190121-ftp/47149
Dataset:name:HPA047148	/uod/idr/filesets/idr0043-uhlen-humanproteinatlas/20190121-ftp/47148
Dataset:name:HPA047147	/uod/idr/filesets/idr0043-uhlen-humanproteinatlas/20190121-ftp/47147
Dataset:name:HPA047144	/uod/idr/filesets/idr0043-uhlen-humanproteinatlas/20190121-ftp/47144
Dataset:name:HPA047139	/uod/idr/filesets/idr0043-uhlen-humanproteinatlas/20190121-ftp/47139
Dataset:name:HPA047136	/uod/idr/filesets/idr0043-uhlen-humanproteinatlas/20190121-ftp/47136
Dataset:name:HPA047135	/uod/idr/filesets/idr0043-uhlen-humanproteinatlas/20190121-ftp/47135
Dataset:name:HPA047134	/uod/idr/filesets/idr0043-uhlen-humanproteinatlas/20190121-ftp/47134
Dataset:name:HPA047132	/uod/idr/filesets/idr0043-uhlen-humanproteinatlas/20190121-ftp/47132
Dataset:name:HPA047128	/uod/idr/filesets/idr0043-uhlen-humanproteinatlas/20190121-ftp/47128
Dataset:name:HPA047127	/uod/idr/filesets/idr0043-uhlen-humanproteinatlas/20190121-ftp/47127
Dataset:name:HPA047126	/uod/idr/filesets/idr0043-uhlen-humanproteinatlas/20190121-ftp/47126
Dataset:name:HPA047123	/uod/idr/filesets/idr0043-uhlen-humanproteinatlas/20190121-ftp/47123
Dataset:name:HPA047118	/uod/idr/filesets/idr0043-uhlen-humanproteinatlas/20190121-ftp/47118
Dataset:name:HPA047117	/uod/idr/filesets/idr0043-uhlen-humanproteinatlas/20190121-ftp/47117
Dataset:name:HPA047116	/uod/idr/filesets/idr0043-uhlen-humanproteinatlas/20190121-ftp/47116
Dataset:name:HPA047115	/uod/idr/filesets/idr0043-uhlen-humanproteinatlas/20190121-ftp/47115
Dataset:name:HPA047114	/uod/idr/filesets/idr0043-uhlen-humanproteinatlas/20190121-ftp/47114
Dataset:name:HPA047113	/uod/idr/filesets/idr0043-uhlen-humanproteinatlas/20190121-ftp/47113
Dataset:name:HPA047112	/uod/idr/filesets/idr0043-uhlen-humanproteinatlas/20190121-ftp/47112
Dataset:name:HPA047108	/uod/idr/filesets/idr0043-uhlen-humanproteinatlas/20190121-ftp/47108
Dataset:name:HPA047106	/uod/idr/filesets/idr0043-uhlen-humanproteinatlas/20190121-ftp/47106
Dataset:name:HPA047105	/uod/idr/filesets/idr0043-uhlen-humanproteinatlas/20190121-ftp/47105
Dataset:name:HPA047103	/uod/idr/filesets/idr0043-uhlen-humanproteinatlas/20190121-ftp/47103
Dataset:name:HPA047100	/uod/idr/filesets/idr0043-uhlen-humanproteinatlas/20190121-ftp/47100
Dataset:name:HPA047097	/uod/idr/filesets/idr0043-uhlen-humanproteinatlas/20190121-ftp/47097
Dataset:name:HPA047089	/uod/idr/filesets/idr0043-uhlen-humanproteinatlas/20190121-ftp/47089
Dataset:name:HPA047088	/uod/idr/filesets/idr0043-uhlen-humanproteinatlas/20190121-ftp/47088
Dataset:name:HPA047087	/uod/idr/filesets/idr0043-uhlen-humanproteinatlas/20190121-ftp/47087
Dataset:name:HPA047084	/uod/idr/filesets/idr0043-uhlen-humanproteinatlas/20190121-ftp/47084
Dataset:name:HPA047083	/uod/idr/filesets/idr0043-uhlen-humanproteinatlas/20190121-ftp/47083
Dataset:name:HPA047074	/uod/idr/filesets/idr0043-uhlen-humanproteinatlas/20190121-ftp/47074
Dataset:name:HPA047072	/uod/idr/filesets/idr0043-uhlen-humanproteinatlas/20190121-ftp/47072
Dataset:name:HPA047063	/uod/idr/filesets/idr0043-uhlen-humanproteinatlas/20190121-ftp/47063
Dataset:name:HPA047052	/uod/idr/filesets/idr0043-uhlen-humanproteinatlas/20190121-ftp/47052
Dataset:name:HPA047050	/uod/idr/filesets/idr0043-uhlen-humanproteinatlas/20190121-ftp/47050
Dataset:name:HPA047047	/uod/idr/filesets/idr0043-uhlen-humanproteinatlas/20190121-ftp/47047
Dataset:name:HPA047044	/uod/idr/filesets/idr0043-uhlen-humanproteinatlas/20190121-ftp/47044
Dataset:name:HPA047043	/uod/idr/filesets/idr0043-uhlen-humanproteinatlas/20190121-ftp/47043
Dataset:name:HPA047038	/uod/idr/filesets/idr0043-uhlen-humanproteinatlas/20190121-ftp/47038
Dataset:name:HPA047036	/uod/idr/filesets/idr0043-uhlen-humanproteinatlas/20190121-ftp/47036
Dataset:name:HPA047032	/uod/idr/filesets/idr0043-uhlen-humanproteinatlas/20190121-ftp/47032
Dataset:name:HPA047029	/uod/idr/filesets/idr0043-uhlen-humanproteinatlas/20190121-ftp/47029
Dataset:name:HPA047028	/uod/idr/filesets/idr0043-uhlen-humanproteinatlas/20190121-ftp/47028
Dataset:name:HPA047026	/uod/idr/filesets/idr0043-uhlen-humanproteinatlas/20190121-ftp/47026
Dataset:name:HPA047021	/uod/idr/filesets/idr0043-uhlen-humanproteinatlas/20190121-ftp/47021
Dataset:name:HPA047017	/uod/idr/filesets/idr0043-uhlen-humanproteinatlas/20190121-ftp/47017
Dataset:name:HPA047016	/uod/idr/filesets/idr0043-uhlen-humanproteinatlas/20190121-ftp/47016
Dataset:name:HPA047008	/uod/idr/filesets/idr0043-uhlen-humanproteinatlas/20190121-ftp/47008
Dataset:name:HPA047006	/uod/idr/filesets/idr0043-uhlen-humanproteinatlas/20190121-ftp/47006
Dataset:name:HPA046997	/uod/idr/filesets/idr0043-uhlen-humanproteinatlas/20190121-ftp/46997
Dataset:name:HPA046995	/uod/idr/filesets/idr0043-uhlen-humanproteinatlas/20190121-ftp/46995
Dataset:name:HPA046993	/uod/idr/filesets/idr0043-uhlen-humanproteinatlas/20190121-ftp/46993
Dataset:name:HPA046992	/uod/idr/filesets/idr0043-uhlen-humanproteinatlas/20190121-ftp/46992
Dataset:name:HPA046987	/uod/idr/filesets/idr0043-uhlen-humanproteinatlas/20190121-ftp/46987
Dataset:name:HPA046986	/uod/idr/filesets/idr0043-uhlen-humanproteinatlas/20190121-ftp/46986
Dataset:name:HPA046985	/uod/idr/filesets/idr0043-uhlen-humanproteinatlas/20190121-ftp/46985
Dataset:name:HPA046982	/uod/idr/filesets/idr0043-uhlen-humanproteinatlas/20190121-ftp/46982
Dataset:name:HPA046980	/uod/idr/filesets/idr0043-uhlen-humanproteinatlas/20190121-ftp/46980
Dataset:name:HPA046979	/uod/idr/filesets/idr0043-uhlen-humanproteinatlas/20190121-ftp/46979
Dataset:name:HPA046977	/uod/idr/filesets/idr0043-uhlen-humanproteinatlas/20190121-ftp/46977
Dataset:name:HPA046976	/uod/idr/filesets/idr0043-uhlen-humanproteinatlas/20190121-ftp/46976
Dataset:name:HPA046974	/uod/idr/filesets/idr0043-uhlen-humanproteinatlas/20190121-ftp/46974
Dataset:name:HPA046972	/uod/idr/filesets/idr0043-uhlen-humanproteinatlas/20190121-ftp/46972
Dataset:name:HPA046971	/uod/idr/filesets/idr0043-uhlen-humanproteinatlas/20190121-ftp/46971
Dataset:name:HPA046970	/uod/idr/filesets/idr0043-uhlen-humanproteinatlas/20190121-ftp/46970
Dataset:name:HPA046968	/uod/idr/filesets/idr0043-uhlen-humanproteinatlas/20190121-ftp/46968
Dataset:name:HPA046967	/uod/idr/filesets/idr0043-uhlen-humanproteinatlas/20190121-ftp/46967
Dataset:name:HPA046966	/uod/idr/filesets/idr0043-uhlen-humanproteinatlas/20190121-ftp/46966
Dataset:name:HPA046965	/uod/idr/filesets/idr0043-uhlen-humanproteinatlas/20190121-ftp/46965
Dataset:name:HPA046964	/uod/idr/filesets/idr0043-uhlen-humanproteinatlas/20190121-ftp/46964
Dataset:name:HPA046960	/uod/idr/filesets/idr0043-uhlen-humanproteinatlas/20190121-ftp/46960
Dataset:name:HPA046957	/uod/idr/filesets/idr0043-uhlen-humanproteinatlas/20190121-ftp/46957
Dataset:name:HPA046952	/uod/idr/filesets/idr0043-uhlen-humanproteinatlas/20190121-ftp/46952
Dataset:name:HPA046948	/uod/idr/filesets/idr0043-uhlen-humanproteinatlas/20190121-ftp/46948
Dataset:name:HPA046940	/uod/idr/filesets/idr0043-uhlen-humanproteinatlas/20190121-ftp/46940
Dataset:name:HPA046937	/uod/idr/filesets/idr0043-uhlen-humanproteinatlas/20190121-ftp/46937
Dataset:name:HPA046936	/uod/idr/filesets/idr0043-uhlen-humanproteinatlas/20190121-ftp/46936
Dataset:name:HPA046930	/uod/idr/filesets/idr0043-uhlen-humanproteinatlas/20190121-ftp/46930
Dataset:name:HPA046929	/uod/idr/filesets/idr0043-uhlen-humanproteinatlas/20190121-ftp/46929
Dataset:name:HPA046925	/uod/idr/filesets/idr0043-uhlen-humanproteinatlas/20190121-ftp/46925
Dataset:name:HPA046920	/uod/idr/filesets/idr0043-uhlen-humanproteinatlas/20190121-ftp/46920
Dataset:name:HPA046918	/uod/idr/filesets/idr0043-uhlen-humanproteinatlas/20190121-ftp/46918
Dataset:name:HPA046917	/uod/idr/filesets/idr0043-uhlen-humanproteinatlas/20190121-ftp/46917
Dataset:name:HPA046911	/uod/idr/filesets/idr0043-uhlen-humanproteinatlas/20190121-ftp/46911
Dataset:name:HPA046900	/uod/idr/filesets/idr0043-uhlen-humanproteinatlas/20190121-ftp/46900
Dataset:name:HPA046899	/uod/idr/filesets/idr0043-uhlen-humanproteinatlas/20190121-ftp/46899
Dataset:name:HPA046895	/uod/idr/filesets/idr0043-uhlen-humanproteinatlas/20190121-ftp/46895
Dataset:name:HPA046891	/uod/idr/filesets/idr0043-uhlen-humanproteinatlas/20190121-ftp/46891
Dataset:name:HPA046882	/uod/idr/filesets/idr0043-uhlen-humanproteinatlas/20190121-ftp/46882
Dataset:name:HPA046880	/uod/idr/filesets/idr0043-uhlen-humanproteinatlas/20190121-ftp/46880
Dataset:name:HPA046878	/uod/idr/filesets/idr0043-uhlen-humanproteinatlas/20190121-ftp/46878
Dataset:name:HPA046877	/uod/idr/filesets/idr0043-uhlen-humanproteinatlas/20190121-ftp/46877
Dataset:name:HPA046876	/uod/idr/filesets/idr0043-uhlen-humanproteinatlas/20190121-ftp/46876
Dataset:name:HPA046875	/uod/idr/filesets/idr0043-uhlen-humanproteinatlas/20190121-ftp/46875
Dataset:name:HPA046874	/uod/idr/filesets/idr0043-uhlen-humanproteinatlas/20190121-ftp/46874
Dataset:name:HPA046872	/uod/idr/filesets/idr0043-uhlen-humanproteinatlas/20190121-ftp/46872
Dataset:name:HPA046871	/uod/idr/filesets/idr0043-uhlen-humanproteinatlas/20190121-ftp/46871
Dataset:name:HPA046864	/uod/idr/filesets/idr0043-uhlen-humanproteinatlas/20190121-ftp/46864
Dataset:name:HPA046862	/uod/idr/filesets/idr0043-uhlen-humanproteinatlas/20190121-ftp/46862
Dataset:name:HPA046861	/uod/idr/filesets/idr0043-uhlen-humanproteinatlas/20190121-ftp/46861
Dataset:name:HPA046859	/uod/idr/filesets/idr0043-uhlen-humanproteinatlas/20190121-ftp/46859
Dataset:name:HPA046856	/uod/idr/filesets/idr0043-uhlen-humanproteinatlas/20190121-ftp/46856
Dataset:name:HPA046852	/uod/idr/filesets/idr0043-uhlen-humanproteinatlas/20190121-ftp/46852
Dataset:name:HPA046851	/uod/idr/filesets/idr0043-uhlen-humanproteinatlas/20190121-ftp/46851
Dataset:name:HPA046849	/uod/idr/filesets/idr0043-uhlen-humanproteinatlas/20190121-ftp/46849
Dataset:name:HPA046848	/uod/idr/filesets/idr0043-uhlen-humanproteinatlas/20190121-ftp/46848
Dataset:name:HPA046847	/uod/idr/filesets/idr0043-uhlen-humanproteinatlas/20190121-ftp/46847
Dataset:name:HPA046842	/uod/idr/filesets/idr0043-uhlen-humanproteinatlas/20190121-ftp/46842
Dataset:name:HPA046841	/uod/idr/filesets/idr0043-uhlen-humanproteinatlas/20190121-ftp/46841
Dataset:name:HPA046836	/uod/idr/filesets/idr0043-uhlen-humanproteinatlas/20190121-ftp/46836
Dataset:name:HPA046834	/uod/idr/filesets/idr0043-uhlen-humanproteinatlas/20190121-ftp/46834
Dataset:name:HPA046833	/uod/idr/filesets/idr0043-uhlen-humanproteinatlas/20190121-ftp/46833
Dataset:name:HPA046829	/uod/idr/filesets/idr0043-uhlen-humanproteinatlas/20190121-ftp/46829
Dataset:name:HPA046828	/uod/idr/filesets/idr0043-uhlen-humanproteinatlas/20190121-ftp/46828
Dataset:name:HPA046825	/uod/idr/filesets/idr0043-uhlen-humanproteinatlas/20190121-ftp/46825
Dataset:name:HPA046819	/uod/idr/filesets/idr0043-uhlen-humanproteinatlas/20190121-ftp/46819
Dataset:name:HPA046817	/uod/idr/filesets/idr0043-uhlen-humanproteinatlas/20190121-ftp/46817
Dataset:name:HPA046816	/uod/idr/filesets/idr0043-uhlen-humanproteinatlas/20190121-ftp/46816
Dataset:name:HPA046814	/uod/idr/filesets/idr0043-uhlen-humanproteinatlas/20190121-ftp/46814
Dataset:name:HPA046812	/uod/idr/filesets/idr0043-uhlen-humanproteinatlas/20190121-ftp/46812
Dataset:name:HPA046811	/uod/idr/filesets/idr0043-uhlen-humanproteinatlas/20190121-ftp/46811
Dataset:name:HPA046810	/uod/idr/filesets/idr0043-uhlen-humanproteinatlas/20190121-ftp/46810
Dataset:name:HPA046806	/uod/idr/filesets/idr0043-uhlen-humanproteinatlas/20190121-ftp/46806
Dataset:name:HPA046804	/uod/idr/filesets/idr0043-uhlen-humanproteinatlas/20190121-ftp/46804
Dataset:name:HPA046801	/uod/idr/filesets/idr0043-uhlen-humanproteinatlas/20190121-ftp/46801
Dataset:name:HPA046800	/uod/idr/filesets/idr0043-uhlen-humanproteinatlas/20190121-ftp/46800
Dataset:name:HPA046796	/uod/idr/filesets/idr0043-uhlen-humanproteinatlas/20190121-ftp/46796
Dataset:name:HPA046795	/uod/idr/filesets/idr0043-uhlen-humanproteinatlas/20190121-ftp/46795
Dataset:name:HPA046792	/uod/idr/filesets/idr0043-uhlen-humanproteinatlas/20190121-ftp/46792
Dataset:name:HPA046791	/uod/idr/filesets/idr0043-uhlen-humanproteinatlas/20190121-ftp/46791
Dataset:name:HPA046790	/uod/idr/filesets/idr0043-uhlen-humanproteinatlas/20190121-ftp/46790
Dataset:name:HPA046787	/uod/idr/filesets/idr0043-uhlen-humanproteinatlas/20190121-ftp/46787
Dataset:name:HPA046786	/uod/idr/filesets/idr0043-uhlen-humanproteinatlas/20190121-ftp/46786
Dataset:name:HPA046784	/uod/idr/filesets/idr0043-uhlen-humanproteinatlas/20190121-ftp/46784
Dataset:name:HPA046782	/uod/idr/filesets/idr0043-uhlen-humanproteinatlas/20190121-ftp/46782
Dataset:name:HPA046778	/uod/idr/filesets/idr0043-uhlen-humanproteinatlas/20190121-ftp/46778
Dataset:name:HPA046777	/uod/idr/filesets/idr0043-uhlen-humanproteinatlas/20190121-ftp/46777
Dataset:name:HPA046775	/uod/idr/filesets/idr0043-uhlen-humanproteinatlas/20190121-ftp/46775
Dataset:name:HPA046772	/uod/idr/filesets/idr0043-uhlen-humanproteinatlas/20190121-ftp/46772
Dataset:name:HPA046771	/uod/idr/filesets/idr0043-uhlen-humanproteinatlas/20190121-ftp/46771
Dataset:name:HPA046769	/uod/idr/filesets/idr0043-uhlen-humanproteinatlas/20190121-ftp/46769
Dataset:name:HPA046767	/uod/idr/filesets/idr0043-uhlen-humanproteinatlas/20190121-ftp/46767
Dataset:name:HPA046766	/uod/idr/filesets/idr0043-uhlen-humanproteinatlas/20190121-ftp/46766
Dataset:name:HPA046765	/uod/idr/filesets/idr0043-uhlen-humanproteinatlas/20190121-ftp/46765
Dataset:name:HPA046762	/uod/idr/filesets/idr0043-uhlen-humanproteinatlas/20190121-ftp/46762
Dataset:name:HPA046761	/uod/idr/filesets/idr0043-uhlen-humanproteinatlas/20190121-ftp/46761
Dataset:name:HPA046759	/uod/idr/filesets/idr0043-uhlen-humanproteinatlas/20190121-ftp/46759
Dataset:name:HPA046757	/uod/idr/filesets/idr0043-uhlen-humanproteinatlas/20190121-ftp/46757
Dataset:name:HPA046755	/uod/idr/filesets/idr0043-uhlen-humanproteinatlas/20190121-ftp/46755
Dataset:name:HPA046754	/uod/idr/filesets/idr0043-uhlen-humanproteinatlas/20190121-ftp/46754
Dataset:name:HPA046753	/uod/idr/filesets/idr0043-uhlen-humanproteinatlas/20190121-ftp/46753
Dataset:name:HPA046751	/uod/idr/filesets/idr0043-uhlen-humanproteinatlas/20190121-ftp/46751
Dataset:name:HPA046745	/uod/idr/filesets/idr0043-uhlen-humanproteinatlas/20190121-ftp/46745
Dataset:name:HPA046744	/uod/idr/filesets/idr0043-uhlen-humanproteinatlas/20190121-ftp/46744
Dataset:name:HPA046743	/uod/idr/filesets/idr0043-uhlen-humanproteinatlas/20190121-ftp/46743
Dataset:name:HPA046742	/uod/idr/filesets/idr0043-uhlen-humanproteinatlas/20190121-ftp/46742
Dataset:name:HPA046741	/uod/idr/filesets/idr0043-uhlen-humanproteinatlas/20190121-ftp/46741
Dataset:name:HPA046739	/uod/idr/filesets/idr0043-uhlen-humanproteinatlas/20190121-ftp/46739
Dataset:name:HPA046737	/uod/idr/filesets/idr0043-uhlen-humanproteinatlas/20190121-ftp/46737
Dataset:name:HPA046734	/uod/idr/filesets/idr0043-uhlen-humanproteinatlas/20190121-ftp/46734
Dataset:name:HPA046733	/uod/idr/filesets/idr0043-uhlen-humanproteinatlas/20190121-ftp/46733
Dataset:name:HPA046728	/uod/idr/filesets/idr0043-uhlen-humanproteinatlas/20190121-ftp/46728
Dataset:name:HPA046723	/uod/idr/filesets/idr0043-uhlen-humanproteinatlas/20190121-ftp/46723
Dataset:name:HPA046718	/uod/idr/filesets/idr0043-uhlen-humanproteinatlas/20190121-ftp/46718
Dataset:name:HPA046717	/uod/idr/filesets/idr0043-uhlen-humanproteinatlas/20190121-ftp/46717
Dataset:name:HPA046716	/uod/idr/filesets/idr0043-uhlen-humanproteinatlas/20190121-ftp/46716
Dataset:name:HPA046715	/uod/idr/filesets/idr0043-uhlen-humanproteinatlas/20190121-ftp/46715
Dataset:name:HPA046713	/uod/idr/filesets/idr0043-uhlen-humanproteinatlas/20190121-ftp/46713
Dataset:name:HPA046711	/uod/idr/filesets/idr0043-uhlen-humanproteinatlas/20190121-ftp/46711
Dataset:name:HPA046710	/uod/idr/filesets/idr0043-uhlen-humanproteinatlas/20190121-ftp/46710
Dataset:name:HPA046708	/uod/idr/filesets/idr0043-uhlen-humanproteinatlas/20190121-ftp/46708
Dataset:name:HPA046707	/uod/idr/filesets/idr0043-uhlen-humanproteinatlas/20190121-ftp/46707
Dataset:name:HPA046705	/uod/idr/filesets/idr0043-uhlen-humanproteinatlas/20190121-ftp/46705
Dataset:name:HPA046703	/uod/idr/filesets/idr0043-uhlen-humanproteinatlas/20190121-ftp/46703
Dataset:name:HPA046700	/uod/idr/filesets/idr0043-uhlen-humanproteinatlas/20190121-ftp/46700
Dataset:name:HPA046699	/uod/idr/filesets/idr0043-uhlen-humanproteinatlas/20190121-ftp/46699
Dataset:name:HPA046698	/uod/idr/filesets/idr0043-uhlen-humanproteinatlas/20190121-ftp/46698
Dataset:name:HPA046697	/uod/idr/filesets/idr0043-uhlen-humanproteinatlas/20190121-ftp/46697
Dataset:name:HPA046696	/uod/idr/filesets/idr0043-uhlen-humanproteinatlas/20190121-ftp/46696
Dataset:name:HPA046695	/uod/idr/filesets/idr0043-uhlen-humanproteinatlas/20190121-ftp/46695
Dataset:name:HPA046693	/uod/idr/filesets/idr0043-uhlen-humanproteinatlas/20190121-ftp/46693
Dataset:name:HPA046692	/uod/idr/filesets/idr0043-uhlen-humanproteinatlas/20190121-ftp/46692
Dataset:name:HPA046691	/uod/idr/filesets/idr0043-uhlen-humanproteinatlas/20190121-ftp/46691
Dataset:name:HPA046688	/uod/idr/filesets/idr0043-uhlen-humanproteinatlas/20190121-ftp/46688
Dataset:name:HPA046684	/uod/idr/filesets/idr0043-uhlen-humanproteinatlas/20190121-ftp/46684
Dataset:name:HPA046683	/uod/idr/filesets/idr0043-uhlen-humanproteinatlas/20190121-ftp/46683
Dataset:name:HPA046681	/uod/idr/filesets/idr0043-uhlen-humanproteinatlas/20190121-ftp/46681
Dataset:name:HPA046680	/uod/idr/filesets/idr0043-uhlen-humanproteinatlas/20190121-ftp/46680
Dataset:name:HPA046679	/uod/idr/filesets/idr0043-uhlen-humanproteinatlas/20190121-ftp/46679
Dataset:name:HPA046678	/uod/idr/filesets/idr0043-uhlen-humanproteinatlas/20190121-ftp/46678
Dataset:name:HPA046673	/uod/idr/filesets/idr0043-uhlen-humanproteinatlas/20190121-ftp/46673
Dataset:name:HPA046672	/uod/idr/filesets/idr0043-uhlen-humanproteinatlas/20190121-ftp/46672
Dataset:name:HPA046660	/uod/idr/filesets/idr0043-uhlen-humanproteinatlas/20190121-ftp/46660
Dataset:name:HPA046658	/uod/idr/filesets/idr0043-uhlen-humanproteinatlas/20190121-ftp/46658
Dataset:name:HPA046657	/uod/idr/filesets/idr0043-uhlen-humanproteinatlas/20190121-ftp/46657
Dataset:name:HPA046656	/uod/idr/filesets/idr0043-uhlen-humanproteinatlas/20190121-ftp/46656
Dataset:name:HPA046653	/uod/idr/filesets/idr0043-uhlen-humanproteinatlas/20190121-ftp/46653
Dataset:name:HPA046651	/uod/idr/filesets/idr0043-uhlen-humanproteinatlas/20190121-ftp/46651
Dataset:name:HPA046648	/uod/idr/filesets/idr0043-uhlen-humanproteinatlas/20190121-ftp/46648
Dataset:name:HPA046647	/uod/idr/filesets/idr0043-uhlen-humanproteinatlas/20190121-ftp/46647
Dataset:name:HPA046646	/uod/idr/filesets/idr0043-uhlen-humanproteinatlas/20190121-ftp/46646
Dataset:name:HPA046645	/uod/idr/filesets/idr0043-uhlen-humanproteinatlas/20190121-ftp/46645
Dataset:name:HPA046641	/uod/idr/filesets/idr0043-uhlen-humanproteinatlas/20190121-ftp/46641
Dataset:name:HPA046639	/uod/idr/filesets/idr0043-uhlen-humanproteinatlas/20190121-ftp/46639
Dataset:name:HPA046638	/uod/idr/filesets/idr0043-uhlen-humanproteinatlas/20190121-ftp/46638
Dataset:name:HPA046636	/uod/idr/filesets/idr0043-uhlen-humanproteinatlas/20190121-ftp/46636
Dataset:name:HPA046635	/uod/idr/filesets/idr0043-uhlen-humanproteinatlas/20190121-ftp/46635
Dataset:name:HPA046634	/uod/idr/filesets/idr0043-uhlen-humanproteinatlas/20190121-ftp/46634
Dataset:name:HPA046629	/uod/idr/filesets/idr0043-uhlen-humanproteinatlas/20190121-ftp/46629
Dataset:name:HPA046627	/uod/idr/filesets/idr0043-uhlen-humanproteinatlas/20190121-ftp/46627
Dataset:name:HPA046623	/uod/idr/filesets/idr0043-uhlen-humanproteinatlas/20190121-ftp/46623
Dataset:name:HPA046622	/uod/idr/filesets/idr0043-uhlen-humanproteinatlas/20190121-ftp/46622
Dataset:name:HPA046617	/uod/idr/filesets/idr0043-uhlen-humanproteinatlas/20190121-ftp/46617
Dataset:name:HPA046615	/uod/idr/filesets/idr0043-uhlen-humanproteinatlas/20190121-ftp/46615
Dataset:name:HPA046612	/uod/idr/filesets/idr0043-uhlen-humanproteinatlas/20190121-ftp/46612
Dataset:name:HPA046603	/uod/idr/filesets/idr0043-uhlen-humanproteinatlas/20190121-ftp/46603
Dataset:name:HPA046602	/uod/idr/filesets/idr0043-uhlen-humanproteinatlas/20190121-ftp/46602
Dataset:name:HPA046601	/uod/idr/filesets/idr0043-uhlen-humanproteinatlas/20190121-ftp/46601
Dataset:name:HPA046598	/uod/idr/filesets/idr0043-uhlen-humanproteinatlas/20190121-ftp/46598
Dataset:name:HPA046596	/uod/idr/filesets/idr0043-uhlen-humanproteinatlas/20190121-ftp/46596
Dataset:name:HPA046595	/uod/idr/filesets/idr0043-uhlen-humanproteinatlas/20190121-ftp/46595
Dataset:name:HPA046593	/uod/idr/filesets/idr0043-uhlen-humanproteinatlas/20190121-ftp/46593
Dataset:name:HPA046590	/uod/idr/filesets/idr0043-uhlen-humanproteinatlas/20190121-ftp/46590
Dataset:name:HPA046588	/uod/idr/filesets/idr0043-uhlen-humanproteinatlas/20190121-ftp/46588
Dataset:name:HPA046587	/uod/idr/filesets/idr0043-uhlen-humanproteinatlas/20190121-ftp/46587
Dataset:name:HPA046583	/uod/idr/filesets/idr0043-uhlen-humanproteinatlas/20190121-ftp/46583
Dataset:name:HPA046577	/uod/idr/filesets/idr0043-uhlen-humanproteinatlas/20190121-ftp/46577
Dataset:name:HPA046572	/uod/idr/filesets/idr0043-uhlen-humanproteinatlas/20190121-ftp/46572
Dataset:name:HPA046571	/uod/idr/filesets/idr0043-uhlen-humanproteinatlas/20190121-ftp/46571
Dataset:name:HPA046570	/uod/idr/filesets/idr0043-uhlen-humanproteinatlas/20190121-ftp/46570
Dataset:name:HPA046562	/uod/idr/filesets/idr0043-uhlen-humanproteinatlas/20190121-ftp/46562
Dataset:name:HPA046560	/uod/idr/filesets/idr0043-uhlen-humanproteinatlas/20190121-ftp/46560
Dataset:name:HPA046556	/uod/idr/filesets/idr0043-uhlen-humanproteinatlas/20190121-ftp/46556
Dataset:name:HPA046555	/uod/idr/filesets/idr0043-uhlen-humanproteinatlas/20190121-ftp/46555
Dataset:name:HPA046554	/uod/idr/filesets/idr0043-uhlen-humanproteinatlas/20190121-ftp/46554
Dataset:name:HPA046550	/uod/idr/filesets/idr0043-uhlen-humanproteinatlas/20190121-ftp/46550
Dataset:name:HPA046542	/uod/idr/filesets/idr0043-uhlen-humanproteinatlas/20190121-ftp/46542
Dataset:name:HPA046537	/uod/idr/filesets/idr0043-uhlen-humanproteinatlas/20190121-ftp/46537
Dataset:name:HPA046529	/uod/idr/filesets/idr0043-uhlen-humanproteinatlas/20190121-ftp/46529
Dataset:name:HPA046528	/uod/idr/filesets/idr0043-uhlen-humanproteinatlas/20190121-ftp/46528
Dataset:name:HPA046524	/uod/idr/filesets/idr0043-uhlen-humanproteinatlas/20190121-ftp/46524
Dataset:name:HPA046508	/uod/idr/filesets/idr0043-uhlen-humanproteinatlas/20190121-ftp/46508
Dataset:name:HPA046494	/uod/idr/filesets/idr0043-uhlen-humanproteinatlas/20190121-ftp/46494
Dataset:name:HPA046488	/uod/idr/filesets/idr0043-uhlen-humanproteinatlas/20190121-ftp/46488
Dataset:name:CAB046486	/uod/idr/filesets/idr0043-uhlen-humanproteinatlas/20190121-ftp/46486
Dataset:name:CAB046485	/uod/idr/filesets/idr0043-uhlen-humanproteinatlas/20190121-ftp/46485
Dataset:name:CAB046478	/uod/idr/filesets/idr0043-uhlen-humanproteinatlas/20190121-ftp/46478
Dataset:name:CAB046477	/uod/idr/filesets/idr0043-uhlen-humanproteinatlas/20190121-ftp/46477
Dataset:name:CAB046473	/uod/idr/filesets/idr0043-uhlen-humanproteinatlas/20190121-ftp/46473
Dataset:name:CAB046472	/uod/idr/filesets/idr0043-uhlen-humanproteinatlas/20190121-ftp/46472
Dataset:name:CAB046468	/uod/idr/filesets/idr0043-uhlen-humanproteinatlas/20190121-ftp/46468
Dataset:name:CAB046467	/uod/idr/filesets/idr0043-uhlen-humanproteinatlas/20190121-ftp/46467
Dataset:name:CAB046465	/uod/idr/filesets/idr0043-uhlen-humanproteinatlas/20190121-ftp/46465
Dataset:name:CAB046460	/uod/idr/filesets/idr0043-uhlen-humanproteinatlas/20190121-ftp/46460
Dataset:name:CAB046459	/uod/idr/filesets/idr0043-uhlen-humanproteinatlas/20190121-ftp/46459
Dataset:name:CAB046458	/uod/idr/filesets/idr0043-uhlen-humanproteinatlas/20190121-ftp/46458
Dataset:name:CAB046454	/uod/idr/filesets/idr0043-uhlen-humanproteinatlas/20190121-ftp/46454
Dataset:name:CAB046448	/uod/idr/filesets/idr0043-uhlen-humanproteinatlas/20190121-ftp/46448
Dataset:name:CAB046446	/uod/idr/filesets/idr0043-uhlen-humanproteinatlas/20190121-ftp/46446
Dataset:name:CAB046445	/uod/idr/filesets/idr0043-uhlen-humanproteinatlas/20190121-ftp/46445
Dataset:name:HPA046443	/uod/idr/filesets/idr0043-uhlen-humanproteinatlas/20190121-ftp/46443
Dataset:name:HPA046440	/uod/idr/filesets/idr0043-uhlen-humanproteinatlas/20190121-ftp/46440
Dataset:name:HPA046439	/uod/idr/filesets/idr0043-uhlen-humanproteinatlas/20190121-ftp/46439
Dataset:name:HPA046438	/uod/idr/filesets/idr0043-uhlen-humanproteinatlas/20190121-ftp/46438
Dataset:name:HPA046436	/uod/idr/filesets/idr0043-uhlen-humanproteinatlas/20190121-ftp/46436
Dataset:name:HPA046432	/uod/idr/filesets/idr0043-uhlen-humanproteinatlas/20190121-ftp/46432
Dataset:name:HPA046431	/uod/idr/filesets/idr0043-uhlen-humanproteinatlas/20190121-ftp/46431
Dataset:name:HPA046430	/uod/idr/filesets/idr0043-uhlen-humanproteinatlas/20190121-ftp/46430
Dataset:name:HPA046428	/uod/idr/filesets/idr0043-uhlen-humanproteinatlas/20190121-ftp/46428
Dataset:name:HPA046423	/uod/idr/filesets/idr0043-uhlen-humanproteinatlas/20190121-ftp/46423
Dataset:name:HPA046422	/uod/idr/filesets/idr0043-uhlen-humanproteinatlas/20190121-ftp/46422
Dataset:name:HPA046412	/uod/idr/filesets/idr0043-uhlen-humanproteinatlas/20190121-ftp/46412
Dataset:name:HPA046411	/uod/idr/filesets/idr0043-uhlen-humanproteinatlas/20190121-ftp/46411
Dataset:name:HPA046404	/uod/idr/filesets/idr0043-uhlen-humanproteinatlas/20190121-ftp/46404
Dataset:name:HPA046403	/uod/idr/filesets/idr0043-uhlen-humanproteinatlas/20190121-ftp/46403
Dataset:name:HPA046402	/uod/idr/filesets/idr0043-uhlen-humanproteinatlas/20190121-ftp/46402
Dataset:name:HPA046400	/uod/idr/filesets/idr0043-uhlen-humanproteinatlas/20190121-ftp/46400
Dataset:name:HPA046399	/uod/idr/filesets/idr0043-uhlen-humanproteinatlas/20190121-ftp/46399
Dataset:name:HPA046387	/uod/idr/filesets/idr0043-uhlen-humanproteinatlas/20190121-ftp/46387
Dataset:name:HPA046385	/uod/idr/filesets/idr0043-uhlen-humanproteinatlas/20190121-ftp/46385
Dataset:name:HPA046380	/uod/idr/filesets/idr0043-uhlen-humanproteinatlas/20190121-ftp/46380
Dataset:name:HPA046377	/uod/idr/filesets/idr0043-uhlen-humanproteinatlas/20190121-ftp/46377
Dataset:name:HPA046376	/uod/idr/filesets/idr0043-uhlen-humanproteinatlas/20190121-ftp/46376
Dataset:name:HPA046373	/uod/idr/filesets/idr0043-uhlen-humanproteinatlas/20190121-ftp/46373
Dataset:name:HPA046372	/uod/idr/filesets/idr0043-uhlen-humanproteinatlas/20190121-ftp/46372
Dataset:name:HPA046368	/uod/idr/filesets/idr0043-uhlen-humanproteinatlas/20190121-ftp/46368
Dataset:name:HPA046366	/uod/idr/filesets/idr0043-uhlen-humanproteinatlas/20190121-ftp/46366
Dataset:name:HPA046359	/uod/idr/filesets/idr0043-uhlen-humanproteinatlas/20190121-ftp/46359
Dataset:name:HPA046358	/uod/idr/filesets/idr0043-uhlen-humanproteinatlas/20190121-ftp/46358
Dataset:name:HPA046357	/uod/idr/filesets/idr0043-uhlen-humanproteinatlas/20190121-ftp/46357
